Frame,Time (Seconds),LFoot:Rotation:X,LFoot:Rotation:Y,LFoot:Rotation:Z,LFoot:Rotation:W,LFoot:Position:X,LFoot:Position:Y,LFoot:Position:Z,RFoot:Rotation:X,RFoot:Rotation:Y,RFoot:Rotation:Z,RFoot:Rotation:W,RFoot:Position:X,RFoot:Position:Y,RFoot:Position:Z,Waist:Rotation:X,Waist:Rotation:Y,Waist:Rotation:Z,Waist:Rotation:W,Waist:Position:X,Waist:Position:Y,Waist:Position:Z
0,0.000000,0.021361,0.019809,-0.425695,-0.904398,-0.321866,-0.541611,0.017232,0.015007,0.011259,-0.361933,-0.932015,-0.137885,-0.689906,0.017494,-0.017451,0.005767,0.434165,0.900646,-0.234351,-0.614972,0.937226
1,0.004167,0.021429,0.019835,-0.425712,-0.904388,-0.321867,-0.541609,0.017239,0.015032,0.011260,-0.361918,-0.932021,-0.137880,-0.689908,0.017492,-0.017479,0.005800,0.434246,0.900606,-0.234391,-0.614907,0.937217
2,0.008333,0.021452,0.019822,-0.425682,-0.904401,-0.321866,-0.541606,0.017239,0.014963,0.011238,-0.361925,-0.932019,-0.137876,-0.689915,0.017486,-0.017485,0.005841,0.434337,0.900562,-0.234440,-0.614845,0.937206
3,0.012500,0.021531,0.019892,-0.425682,-0.904398,-0.321867,-0.541604,0.017245,0.014974,0.011263,-0.361924,-0.932019,-0.137868,-0.689922,0.017489,-0.017494,0.005869,0.434420,0.900522,-0.234487,-0.614771,0.937210
4,0.016667,0.021520,0.019884,-0.425673,-0.904402,-0.321861,-0.541602,0.017243,0.014973,0.011249,-0.361904,-0.932027,-0.137867,-0.689928,0.017484,-0.017402,0.005889,0.434521,0.900474,-0.234532,-0.614694,0.937241
5,0.020833,0.021556,0.019895,-0.425674,-0.904401,-0.321863,-0.541601,0.017250,0.014945,0.011259,-0.361920,-0.932021,-0.137859,-0.689928,0.017483,-0.017460,0.005831,0.434636,0.900418,-0.234601,-0.614632,0.937223
6,0.025000,0.021577,0.019879,-0.425671,-0.904402,-0.321862,-0.541597,0.017257,0.014969,0.011278,-0.361923,-0.932019,-0.137854,-0.689941,0.017478,-0.017501,0.005920,0.434777,0.900349,-0.234640,-0.614560,0.937225
7,0.029167,0.021638,0.019891,-0.425701,-0.904387,-0.321864,-0.541594,0.017258,0.014971,0.011256,-0.361937,-0.932014,-0.137854,-0.689942,0.017478,-0.017497,0.005877,0.434937,0.900272,-0.234700,-0.614475,0.937235
8,0.033333,0.021712,0.019927,-0.425692,-0.904388,-0.321861,-0.541591,0.017265,0.014868,0.011249,-0.361924,-0.932021,-0.137847,-0.689940,0.017473,-0.017489,0.005897,0.435069,0.900208,-0.234758,-0.614400,0.937241
9,0.037500,0.021717,0.019930,-0.425688,-0.904390,-0.321865,-0.541588,0.017266,0.014855,0.011280,-0.361935,-0.932016,-0.137841,-0.689948,0.017472,-0.017610,0.005953,0.435233,0.900126,-0.234831,-0.614326,0.937223
10,0.041667,0.021750,0.019941,-0.425683,-0.904391,-0.321864,-0.541581,0.017274,0.014859,0.011249,-0.361951,-0.932011,-0.137839,-0.689959,0.017467,-0.017599,0.005931,0.435399,0.900046,-0.234895,-0.614232,0.937209
11,0.045833,0.021834,0.019993,-0.425684,-0.904387,-0.321868,-0.541580,0.017281,0.014727,0.011262,-0.361964,-0.932008,-0.137831,-0.689957,0.017472,-0.017648,0.006007,0.435561,0.899966,-0.234956,-0.614152,0.937209
12,0.050000,0.021886,0.020004,-0.425689,-0.904383,-0.321862,-0.541573,0.017284,0.014741,0.011308,-0.362022,-0.931985,-0.137829,-0.689959,0.017472,-0.017696,0.006169,0.435730,0.899882,-0.235024,-0.614069,0.937190
13,0.054167,0.021898,0.020010,-0.425684,-0.904386,-0.321871,-0.541570,0.017282,0.014766,0.011275,-0.362033,-0.931980,-0.137826,-0.689967,0.017465,-0.017466,0.006250,0.435931,0.899789,-0.235095,-0.613967,0.937242
14,0.058333,0.021943,0.020054,-0.425723,-0.904365,-0.321864,-0.541562,0.017289,0.014750,0.011287,-0.362066,-0.931967,-0.137821,-0.689966,0.017465,-0.017440,0.006280,0.436150,0.899683,-0.235176,-0.613862,0.937254
15,0.062500,0.021972,0.020038,-0.425725,-0.904364,-0.321870,-0.541562,0.017292,0.014697,0.011303,-0.362037,-0.931979,-0.137822,-0.689973,0.017464,-0.017706,0.006536,0.436315,0.899596,-0.235260,-0.613764,0.937219
16,0.066667,0.022054,0.020043,-0.425711,-0.904369,-0.321867,-0.541552,0.017299,0.014711,0.011269,-0.362069,-0.931967,-0.137823,-0.689973,0.017467,-0.017650,0.006616,0.436554,0.899481,-0.235349,-0.613669,0.937229
17,0.070833,0.022077,0.020056,-0.425721,-0.904363,-0.321872,-0.541552,0.017300,0.014737,0.011271,-0.362073,-0.931965,-0.137821,-0.689981,0.017463,-0.017615,0.006076,0.436937,0.899299,-0.235406,-0.613513,0.937353
18,0.075000,0.022157,0.020092,-0.425708,-0.904366,-0.321869,-0.541551,0.017299,0.014667,0.011281,-0.362130,-0.931944,-0.137821,-0.689984,0.017463,-0.017554,0.006163,0.437210,0.899167,-0.235462,-0.613410,0.937371
19,0.079167,0.022234,0.020141,-0.425707,-0.904363,-0.321866,-0.541543,0.017303,0.014664,0.011299,-0.362138,-0.931941,-0.137817,-0.689986,0.017458,-0.017490,0.006178,0.437504,0.899025,-0.235563,-0.613328,0.937375
20,0.083333,0.022283,0.020162,-0.425713,-0.904359,-0.321867,-0.541541,0.017300,0.014660,0.011285,-0.362171,-0.931928,-0.137817,-0.689990,0.017460,-0.017423,0.006193,0.437727,0.898918,-0.235676,-0.613241,0.937381
21,0.087500,0.022278,0.020156,-0.425719,-0.904357,-0.321875,-0.541541,0.017301,0.014676,0.011277,-0.362192,-0.931920,-0.137813,-0.689992,0.017459,-0.017319,0.006226,0.437990,0.898791,-0.235780,-0.613156,0.937385
22,0.091667,0.022260,0.020141,-0.425744,-0.904346,-0.321872,-0.541534,0.017296,0.014634,0.011291,-0.362211,-0.931913,-0.137815,-0.689991,0.017455,-0.017313,0.006190,0.438298,0.898641,-0.235864,-0.613055,0.937392
23,0.095833,0.022300,0.020149,-0.425749,-0.904342,-0.321876,-0.541530,0.017303,0.014569,0.011272,-0.362217,-0.931912,-0.137813,-0.689997,0.017452,-0.017281,0.006203,0.438577,0.898506,-0.235960,-0.612977,0.937383
24,0.100000,0.022392,0.020201,-0.425742,-0.904342,-0.321877,-0.541528,0.017303,0.014548,0.011282,-0.362273,-0.931890,-0.137810,-0.689999,0.017455,-0.017260,0.006232,0.438905,0.898346,-0.236053,-0.612866,0.937394
25,0.104167,0.022352,0.020175,-0.425777,-0.904327,-0.321878,-0.541524,0.017304,0.014495,0.011297,-0.362275,-0.931890,-0.137806,-0.690005,0.017449,-0.017299,0.006259,0.439215,0.898193,-0.236157,-0.612770,0.937386
26,0.108333,0.022378,0.020209,-0.425798,-0.904316,-0.321876,-0.541519,0.017304,0.014437,0.011307,-0.362321,-0.931873,-0.137804,-0.690012,0.017448,-0.017329,0.006249,0.439565,0.898022,-0.236255,-0.612682,0.937378
27,0.112500,0.022411,0.020234,-0.425801,-0.904313,-0.321879,-0.541514,0.017306,0.014378,0.011291,-0.362336,-0.931868,-0.137806,-0.690019,0.017447,-0.017326,0.006218,0.439882,0.897867,-0.236377,-0.612585,0.937372
28,0.116667,0.022461,0.020256,-0.425809,-0.904307,-0.321879,-0.541515,0.017304,0.014309,0.011296,-0.362357,-0.931861,-0.137801,-0.690019,0.017445,-0.017399,0.006049,0.440189,0.897716,-0.236520,-0.612478,0.937342
29,0.120833,0.022452,0.020232,-0.425832,-0.904297,-0.321881,-0.541514,0.017304,0.014227,0.011278,-0.362408,-0.931843,-0.137796,-0.690025,0.017445,-0.017397,0.006373,0.440425,0.897598,-0.236639,-0.612366,0.937314
30,0.125000,0.022463,0.020229,-0.425831,-0.904298,-0.321881,-0.541512,0.017304,0.014206,0.011281,-0.362448,-0.931828,-0.137787,-0.690031,0.017443,-0.017412,0.006483,0.440742,0.897442,-0.236761,-0.612251,0.937297
31,0.129167,0.022517,0.020271,-0.425871,-0.904276,-0.321879,-0.541506,0.017301,0.014083,0.011262,-0.362486,-0.931815,-0.137790,-0.690038,0.017448,-0.017403,0.006539,0.441008,0.897311,-0.236887,-0.612157,0.937297
32,0.133333,0.022550,0.020295,-0.425871,-0.904275,-0.321886,-0.541508,0.017304,0.014043,0.011262,-0.362505,-0.931808,-0.137783,-0.690055,0.017447,-0.017375,0.006638,0.441279,0.897177,-0.237002,-0.612051,0.937280
33,0.137500,0.022571,0.020318,-0.425906,-0.904258,-0.321891,-0.541505,0.017305,0.013898,0.011179,-0.362557,-0.931791,-0.137779,-0.690065,0.017454,-0.017344,0.006772,0.441548,0.897044,-0.237119,-0.611952,0.937277
34,0.141667,0.022590,0.020339,-0.425916,-0.904252,-0.321884,-0.541499,0.017304,0.013806,0.011201,-0.362587,-0.931780,-0.137775,-0.690070,0.017452,-0.017476,0.006869,0.441815,0.896910,-0.237230,-0.611826,0.937258
35,0.145833,0.022612,0.020331,-0.425929,-0.904245,-0.321890,-0.541497,0.017298,0.013689,0.011169,-0.362632,-0.931765,-0.137770,-0.690077,0.017459,-0.017584,0.006912,0.442036,0.896799,-0.237353,-0.611711,0.937249
36,0.150000,0.022648,0.020392,-0.425922,-0.904246,-0.321901,-0.541496,0.017300,0.013611,0.011161,-0.362662,-0.931755,-0.137769,-0.690089,0.017455,-0.017822,0.006742,0.442293,0.896668,-0.237460,-0.611557,0.937273
37,0.154167,0.022680,0.020455,-0.425949,-0.904231,-0.321904,-0.541495,0.017296,0.013486,0.011164,-0.362727,-0.931731,-0.137764,-0.690096,0.017458,-0.017912,0.006806,0.442489,0.896569,-0.237579,-0.611430,0.937282
38,0.158333,0.022686,0.020470,-0.425979,-0.904217,-0.321908,-0.541490,0.017296,0.013388,0.011128,-0.362776,-0.931714,-0.137754,-0.690112,0.017459,-0.018060,0.006979,0.442721,0.896450,-0.237684,-0.611296,0.937276
39,0.162500,0.022753,0.020514,-0.425947,-0.904229,-0.321916,-0.541487,0.017297,0.013268,0.011073,-0.362832,-0.931694,-0.137752,-0.690122,0.017462,-0.018110,0.007126,0.442939,0.896340,-0.237800,-0.611154,0.937282
40,0.166667,0.022792,0.020559,-0.425947,-0.904227,-0.321918,-0.541486,0.017295,0.013108,0.011061,-0.362870,-0.931682,-0.137744,-0.690133,0.017461,-0.018202,0.007270,0.443134,0.896241,-0.237925,-0.611004,0.937286
41,0.170833,0.022808,0.020544,-0.425978,-0.904213,-0.321922,-0.541482,0.017290,0.013069,0.011097,-0.362977,-0.931640,-0.137759,-0.690141,0.017468,-0.018244,0.007396,0.443334,0.896140,-0.238068,-0.610875,0.937282
42,0.175000,0.022905,0.020621,-0.425985,-0.904205,-0.321925,-0.541474,0.017289,0.012918,0.011093,-0.363038,-0.931619,-0.137750,-0.690158,0.017476,-0.018386,0.007546,0.443478,0.896065,-0.238182,-0.610728,0.937283
43,0.179167,0.022872,0.020638,-0.426002,-0.904197,-0.321930,-0.541470,0.017290,0.012711,0.011031,-0.363095,-0.931600,-0.137749,-0.690174,0.017476,-0.018589,0.007595,0.443627,0.895987,-0.238330,-0.610600,0.937281
44,0.183333,0.022916,0.020647,-0.426005,-0.904195,-0.321939,-0.541469,0.017285,0.012446,0.010957,-0.363129,-0.931591,-0.137740,-0.690192,0.017486,-0.018703,0.007090,0.443646,0.895979,-0.238627,-0.610550,0.937276
45,0.187500,0.022995,0.020742,-0.426013,-0.904187,-0.321954,-0.541466,0.017285,0.012309,0.010957,-0.363217,-0.931559,-0.137736,-0.690207,0.017493,-0.018693,0.007255,0.443690,0.895956,-0.238740,-0.610393,0.937339
46,0.191667,0.023026,0.020750,-0.426025,-0.904180,-0.321958,-0.541458,0.017279,0.011978,0.010871,-0.363269,-0.931544,-0.137723,-0.690222,0.017498,-0.018734,0.007319,0.443761,0.895919,-0.238878,-0.610261,0.937385
47,0.195833,0.023065,0.020795,-0.426031,-0.904175,-0.321962,-0.541453,0.017270,0.011797,0.010827,-0.363337,-0.931520,-0.137713,-0.690249,0.017500,-0.019004,0.007433,0.443766,0.895910,-0.239041,-0.610113,0.937391
48,0.200000,0.023163,0.020900,-0.426031,-0.904171,-0.321969,-0.541447,0.017263,0.011469,0.010757,-0.363380,-0.931508,-0.137700,-0.690262,0.017513,-0.019208,0.007545,0.443798,0.895889,-0.239170,-0.609993,0.937389
49,0.204167,0.023221,0.020942,-0.426011,-0.904178,-0.321988,-0.541447,0.017257,0.011231,0.010703,-0.363414,-0.931499,-0.137695,-0.690289,0.017520,-0.019469,0.007600,0.443818,0.895873,-0.239294,-0.609872,0.937384
50,0.208333,0.023245,0.020990,-0.426037,-0.904164,-0.321998,-0.541438,0.017244,0.010879,0.010643,-0.363462,-0.931485,-0.137688,-0.690307,0.017524,-0.019655,0.007533,0.443839,0.895859,-0.239435,-0.609763,0.937400
51,0.212500,0.023417,0.021118,-0.426005,-0.904171,-0.322012,-0.541425,0.017237,0.010637,0.010581,-0.363556,-0.931451,-0.137676,-0.690324,0.017538,-0.019823,0.007484,0.443796,0.895877,-0.239582,-0.609667,0.937416
52,0.216667,0.023498,0.021168,-0.426004,-0.904168,-0.322027,-0.541411,0.017229,0.010286,0.010466,-0.363591,-0.931443,-0.137666,-0.690351,0.017546,-0.020055,0.007364,0.443780,0.895881,-0.239716,-0.609552,0.937425
53,0.220833,0.023641,0.021284,-0.425960,-0.904182,-0.322058,-0.541407,0.017215,0.009993,0.010366,-0.363619,-0.931436,-0.137661,-0.690374,0.017557,-0.020278,0.007013,0.443798,0.895870,-0.239884,-0.609460,0.937429
54,0.225000,0.023711,0.021372,-0.425936,-0.904190,-0.322085,-0.541396,0.017200,0.009592,0.010275,-0.363646,-0.931431,-0.137653,-0.690394,0.017566,-0.020547,0.006834,0.443757,0.895885,-0.240014,-0.609375,0.937429
55,0.229167,0.023944,0.021528,-0.425891,-0.904201,-0.322111,-0.541382,0.017194,0.009261,0.010212,-0.363711,-0.931410,-0.137637,-0.690418,0.017585,-0.020833,0.006788,0.443677,0.895919,-0.240152,-0.609315,0.937426
56,0.233333,0.024082,0.021610,-0.425851,-0.904214,-0.322136,-0.541364,0.017183,0.008857,0.010088,-0.363768,-0.931393,-0.137629,-0.690449,0.017598,-0.021110,0.006684,0.443608,0.895947,-0.240279,-0.609254,0.937442
57,0.237500,0.024273,0.021785,-0.425789,-0.904234,-0.322167,-0.541351,0.017167,0.008377,0.009978,-0.363799,-0.931386,-0.137610,-0.690467,0.017615,-0.021521,0.006747,0.443482,0.896000,-0.240401,-0.609199,0.937443
58,0.241667,0.024575,0.022042,-0.425680,-0.904271,-0.322208,-0.541331,0.017155,0.007952,0.009862,-0.363847,-0.931373,-0.137599,-0.690493,0.017636,-0.021871,0.006411,0.443371,0.896048,-0.240552,-0.609159,0.937456
59,0.245833,0.024963,0.022339,-0.425572,-0.904304,-0.322248,-0.541310,0.017134,0.007440,0.009752,-0.363951,-0.931337,-0.137582,-0.690521,0.017665,-0.022235,0.006410,0.443228,0.896110,-0.240657,-0.609111,0.937462
60,0.250000,0.025314,0.022584,-0.425443,-0.904349,-0.322294,-0.541302,0.017117,0.006834,0.009600,-0.364025,-0.931315,-0.137563,-0.690557,0.017691,-0.022569,0.006369,0.443047,0.896192,-0.240779,-0.609088,0.937474
61,0.254167,0.025659,0.022897,-0.425337,-0.904381,-0.322339,-0.541282,0.017106,0.006342,0.009491,-0.364130,-0.931278,-0.137535,-0.690594,0.017718,-0.022869,0.006493,0.442835,0.896288,-0.240899,-0.609088,0.937504
62,0.258333,0.026024,0.023133,-0.425232,-0.904415,-0.322403,-0.541268,0.017086,0.005806,0.009296,-0.364189,-0.931260,-0.137504,-0.690640,0.017743,-0.022975,0.006734,0.442670,0.896365,-0.240882,-0.609005,0.937578
63,0.262500,0.026400,0.023460,-0.425107,-0.904454,-0.322451,-0.541242,0.017071,0.005240,0.009129,-0.364255,-0.931240,-0.137476,-0.690683,0.017775,-0.023313,0.006745,0.442434,0.896473,-0.240993,-0.609004,0.937611
64,0.266667,0.026799,0.023759,-0.424996,-0.904486,-0.322515,-0.541216,0.017055,0.004724,0.008902,-0.364320,-0.931219,-0.137456,-0.690719,0.017812,-0.023626,0.006742,0.442188,0.896586,-0.241086,-0.609030,0.937642
65,0.270833,0.027245,0.024138,-0.424865,-0.904525,-0.322574,-0.541185,0.017046,0.004047,0.008596,-0.364313,-0.931228,-0.137427,-0.690755,0.017854,-0.023945,0.006695,0.441931,0.896705,-0.241190,-0.609086,0.937647
66,0.275000,0.027683,0.024442,-0.424724,-0.904570,-0.322636,-0.541161,0.017027,0.003394,0.008301,-0.364295,-0.931240,-0.137395,-0.690781,0.017908,-0.024394,0.006707,0.441690,0.896811,-0.241291,-0.609164,0.937659
67,0.279167,0.027984,0.024691,-0.424612,-0.904606,-0.322701,-0.541136,0.017006,0.002774,0.007966,-0.364228,-0.931272,-0.137358,-0.690793,0.017975,-0.024765,0.006708,0.441410,0.896938,-0.241363,-0.609234,0.937667
68,0.283333,0.028396,0.025020,-0.424481,-0.904646,-0.322757,-0.541112,0.016990,0.001996,0.007591,-0.364182,-0.931295,-0.137310,-0.690817,0.018041,-0.025261,0.006654,0.441117,0.897070,-0.241446,-0.609338,0.937678
69,0.287500,0.028800,0.025282,-0.424323,-0.904700,-0.322819,-0.541090,0.016981,0.001194,0.007178,-0.364133,-0.931319,-0.137253,-0.690842,0.018114,-0.025685,0.006494,0.440789,0.897220,-0.241525,-0.609465,0.937716
70,0.291667,0.029184,0.025583,-0.424194,-0.904739,-0.322865,-0.541069,0.016963,-0.000062,0.006720,-0.364140,-0.931320,-0.137153,-0.690895,0.018191,-0.026111,0.006512,0.440361,0.897417,-0.241606,-0.609621,0.937749
71,0.295833,0.029460,0.025809,-0.424046,-0.904793,-0.322915,-0.541053,0.016945,-0.001091,0.006231,-0.364120,-0.931331,-0.137087,-0.690944,0.018272,-0.026678,0.006164,0.439986,0.897587,-0.241682,-0.609774,0.937776
72,0.300000,0.029735,0.025961,-0.423906,-0.904846,-0.322973,-0.541037,0.016928,-0.002019,0.005730,-0.363980,-0.931387,-0.136997,-0.690953,0.018364,-0.027227,0.005982,0.439466,0.897827,-0.241761,-0.609960,0.937803
73,0.304167,0.030041,0.026244,-0.423820,-0.904868,-0.323014,-0.541018,0.016909,-0.003170,0.005149,-0.363892,-0.931422,-0.136912,-0.690993,0.018461,-0.027827,0.005840,0.439050,0.898013,-0.241822,-0.610134,0.937782
74,0.308333,0.030296,0.026477,-0.423691,-0.904913,-0.323053,-0.541003,0.016897,-0.004487,0.004481,-0.363743,-0.931478,-0.136806,-0.691046,0.018577,-0.028231,0.005972,0.438248,0.898391,-0.242062,-0.610502,0.937759
75,0.312500,0.030610,0.026681,-0.423530,-0.904972,-0.323101,-0.540994,0.016885,-0.005848,0.003806,-0.363611,-0.931525,-0.136694,-0.691101,0.018711,-0.028724,0.006251,0.437794,0.898594,-0.242026,-0.610669,0.937708
76,0.316667,0.030766,0.026778,-0.423434,-0.905008,-0.323143,-0.540981,0.016863,-0.007313,0.002997,-0.363481,-0.931568,-0.136579,-0.691155,0.018856,-0.029106,0.006335,0.437297,0.898824,-0.242036,-0.610876,0.937699
77,0.320833,0.031083,0.027018,-0.423302,-0.905052,-0.323174,-0.540961,0.016840,-0.008909,0.002094,-0.363328,-0.931616,-0.136459,-0.691209,0.019034,-0.029577,0.006464,0.436698,0.899099,-0.242070,-0.611140,0.937691
78,0.325000,0.031372,0.027163,-0.423144,-0.905112,-0.323220,-0.540954,0.016825,-0.010597,0.001087,-0.363257,-0.931628,-0.136327,-0.691286,0.019219,-0.029817,0.006742,0.435959,0.899447,-0.242128,-0.611457,0.937688
79,0.329167,0.031539,0.027336,-0.423063,-0.905139,-0.323245,-0.540948,0.016818,-0.011770,0.000175,-0.363220,-0.931629,-0.136213,-0.691371,0.019425,-0.030156,0.006698,0.435273,0.899768,-0.242160,-0.611758,0.937717
80,0.333333,0.031619,0.027405,-0.422962,-0.905181,-0.323278,-0.540944,0.016798,-0.013372,-0.000939,-0.363045,-0.931675,-0.136060,-0.691441,0.019660,-0.030435,0.006673,0.434537,0.900115,-0.242178,-0.612043,0.937721
81,0.337500,0.031782,0.027519,-0.422875,-0.905212,-0.323301,-0.540938,0.016791,-0.015157,-0.002162,-0.363025,-0.931654,-0.135897,-0.691506,0.019897,-0.030695,0.006899,0.433842,0.900439,-0.242195,-0.612308,0.937697
82,0.341667,0.031882,0.027604,-0.422779,-0.905251,-0.323327,-0.540928,0.016777,-0.017495,-0.003644,-0.362868,-0.931669,-0.135665,-0.691638,0.020145,-0.030860,0.007167,0.432991,0.900841,-0.242279,-0.612647,0.937644
83,0.345833,0.031995,0.027735,-0.422688,-0.905286,-0.323341,-0.540926,0.016764,-0.019534,-0.005140,-0.362708,-0.931684,-0.135458,-0.691764,0.020398,-0.031329,0.007296,0.432169,0.901219,-0.242242,-0.612927,0.937617
84,0.350000,0.032046,0.027770,-0.422633,-0.905308,-0.323364,-0.540929,0.016748,-0.021852,-0.006685,-0.362501,-0.931703,-0.135242,-0.691874,0.020649,-0.032111,0.007352,0.431179,0.901665,-0.242200,-0.613279,0.937607
85,0.354167,0.032157,0.027860,-0.422570,-0.905331,-0.323385,-0.540923,0.016746,-0.023872,-0.008473,-0.362149,-0.931776,-0.135020,-0.691971,0.020980,-0.031754,0.007853,0.429226,0.902605,-0.242340,-0.613972,0.937500
86,0.358333,0.032269,0.028009,-0.422518,-0.905347,-0.323398,-0.540921,0.016742,-0.026081,-0.010717,-0.361498,-0.931946,-0.134818,-0.692051,0.021401,-0.031059,0.007918,0.427277,0.903552,-0.242451,-0.614592,0.937484
87,0.362500,0.032327,0.028021,-0.422459,-0.905372,-0.323421,-0.540920,0.016730,-0.028442,-0.012713,-0.361195,-0.931970,-0.134553,-0.692178,0.021785,-0.030829,0.008310,0.425818,0.904245,-0.242546,-0.614993,0.937337
88,0.366667,0.032398,0.028076,-0.422402,-0.905394,-0.323432,-0.540921,0.016723,-0.030786,-0.014218,-0.361026,-0.931939,-0.134247,-0.692371,0.022117,-0.030662,0.009068,0.424648,0.904794,-0.242632,-0.615350,0.937224
89,0.370833,0.032433,0.028123,-0.422349,-0.905416,-0.323449,-0.540924,0.016717,-0.033346,-0.016316,-0.360624,-0.931972,-0.133949,-0.692535,0.022538,-0.030716,0.009350,0.423940,0.905121,-0.242511,-0.615616,0.937216
90,0.375000,0.032429,0.028177,-0.422329,-0.905424,-0.323458,-0.540919,0.016705,-0.036193,-0.018393,-0.360110,-0.932026,-0.133620,-0.692732,0.022990,-0.030496,0.010559,0.423811,0.905176,-0.242311,-0.616077,0.937392
91,0.379167,0.032508,0.028184,-0.422283,-0.905443,-0.323465,-0.540921,0.016703,-0.039663,-0.020947,-0.359392,-0.932108,-0.133324,-0.692928,0.023497,-0.031277,0.009832,0.423173,0.905455,-0.242165,-0.616350,0.937328
92,0.383333,0.032507,0.028176,-0.422264,-0.905452,-0.323476,-0.540921,0.016697,-0.042856,-0.023366,-0.358703,-0.932175,-0.132911,-0.693142,0.024000,-0.031866,0.009310,0.422539,0.905737,-0.242013,-0.616554,0.937333
93,0.387500,0.032532,0.028208,-0.422224,-0.905469,-0.323480,-0.540928,0.016694,-0.046039,-0.026043,-0.358090,-0.932188,-0.132508,-0.693391,0.024525,-0.032132,0.009343,0.421932,0.906009,-0.241866,-0.616746,0.937316
94,0.391667,0.032454,0.028141,-0.422243,-0.905464,-0.323486,-0.540929,0.016692,-0.048836,-0.028588,-0.357493,-0.932200,-0.132107,-0.693636,0.025055,-0.032770,0.008556,0.421284,0.906296,-0.241701,-0.616977,0.937320
95,0.395833,0.032426,0.028135,-0.422238,-0.905468,-0.323480,-0.540928,0.016682,-0.051672,-0.031021,-0.356811,-0.932230,-0.131651,-0.693917,0.025575,-0.033437,0.007973,0.420609,0.906591,-0.241591,-0.617285,0.937301
96,0.400000,0.032409,0.028141,-0.422233,-0.905470,-0.323485,-0.540927,0.016686,-0.054512,-0.033365,-0.356269,-0.932195,-0.131206,-0.694236,0.026102,-0.033880,0.007816,0.419857,0.906924,-0.241444,-0.617549,0.937250
97,0.404167,0.032364,0.028112,-0.422252,-0.905464,-0.323478,-0.540928,0.016682,-0.057208,-0.035959,-0.355632,-0.932180,-0.130758,-0.694519,0.026639,-0.034059,0.007859,0.419038,0.907296,-0.241303,-0.617823,0.937285
98,0.408333,0.032329,0.028113,-0.422254,-0.905465,-0.323483,-0.540930,0.016675,-0.059813,-0.038453,-0.355078,-0.932128,-0.130247,-0.694864,0.027164,-0.034128,0.007684,0.418186,0.907688,-0.241153,-0.618140,0.937364
99,0.412500,0.032302,0.028069,-0.422216,-0.905485,-0.323497,-0.540932,0.016675,-0.062524,-0.041200,-0.354520,-0.932046,-0.129664,-0.695240,0.027746,-0.034368,0.007749,0.417360,0.908058,-0.241009,-0.618478,0.937271
100,0.416667,0.032243,0.028021,-0.422215,-0.905489,-0.323495,-0.540937,0.016674,-0.065565,-0.043869,-0.353923,-0.931942,-0.129064,-0.695634,0.028300,-0.034826,0.007470,0.416568,0.908406,-0.240863,-0.618840,0.937221
101,0.420833,0.032205,0.027986,-0.422205,-0.905496,-0.323489,-0.540939,0.016667,-0.068179,-0.046419,-0.353292,-0.931870,-0.128410,-0.696069,0.028852,-0.034842,0.007485,0.415758,0.908777,-0.240703,-0.619156,0.937255
102,0.425000,0.032199,0.027970,-0.422199,-0.905499,-0.323492,-0.540940,0.016664,-0.070165,-0.048933,-0.352549,-0.931875,-0.127743,-0.696513,0.029470,-0.034893,0.007542,0.414993,0.909124,-0.240560,-0.619493,0.937259
103,0.429167,0.032222,0.027998,-0.422191,-0.905501,-0.323485,-0.540940,0.016664,-0.070566,-0.050982,-0.351552,-0.932112,-0.127022,-0.697047,0.030123,-0.035249,0.007344,0.414297,0.909430,-0.240365,-0.619838,0.937263
104,0.433333,0.032192,0.027960,-0.422178,-0.905510,-0.323485,-0.540944,0.016658,-0.070578,-0.053192,-0.350114,-0.932529,-0.126131,-0.697642,0.030731,-0.035384,0.007270,0.413649,0.909719,-0.240145,-0.620147,0.937292
105,0.437500,0.032029,0.027805,-0.422192,-0.905513,-0.323480,-0.540943,0.016651,-0.070732,-0.055168,-0.348012,-0.933189,-0.125019,-0.698391,0.031166,-0.035656,0.007057,0.413154,0.909936,-0.239912,-0.620410,0.937282
106,0.441667,0.032024,0.027783,-0.422187,-0.905517,-0.323480,-0.540947,0.016653,-0.070034,-0.056749,-0.344523,-0.934440,-0.123577,-0.699355,0.031684,-0.035851,0.007166,0.412746,0.910112,-0.239690,-0.620650,0.937290
107,0.445833,0.031998,0.027791,-0.422181,-0.905520,-0.323473,-0.540949,0.016649,-0.068221,-0.057730,-0.340975,-0.935815,-0.121980,-0.700409,0.032230,-0.035960,0.006828,0.412383,0.910275,-0.239434,-0.620914,0.937347
108,0.450000,0.031960,0.027749,-0.422199,-0.905514,-0.323467,-0.540947,0.016647,-0.066627,-0.058285,-0.336954,-0.937350,-0.120165,-0.701615,0.032723,-0.036191,0.006294,0.412104,0.910396,-0.239158,-0.621181,0.937355
109,0.454167,0.031974,0.027774,-0.422169,-0.905527,-0.323465,-0.540946,0.016650,-0.063993,-0.058721,-0.332597,-0.939061,-0.118209,-0.702982,0.033147,-0.036429,0.006140,0.411774,0.910537,-0.238869,-0.621424,0.937349
110,0.458333,0.031995,0.027715,-0.422137,-0.905543,-0.323462,-0.540945,0.016645,-0.060329,-0.058843,-0.328266,-0.940818,-0.116126,-0.704413,0.033557,-0.036446,0.006182,0.411429,0.910692,-0.238578,-0.621642,0.937389
111,0.462500,0.031852,0.027655,-0.422160,-0.905539,-0.323457,-0.540949,0.016641,-0.056174,-0.059100,-0.324030,-0.942526,-0.113889,-0.705857,0.033953,-0.036476,0.006173,0.411151,0.910816,-0.238255,-0.621842,0.937402
112,0.466667,0.031802,0.027581,-0.422162,-0.905542,-0.323456,-0.540949,0.016635,-0.052486,-0.059320,-0.319657,-0.944217,-0.111465,-0.707402,0.034350,-0.036379,0.006315,0.410874,0.910944,-0.237943,-0.622037,0.937424
113,0.470833,0.031754,0.027554,-0.422149,-0.905551,-0.323449,-0.540951,0.016630,-0.048463,-0.059204,-0.314960,-0.946016,-0.108894,-0.709056,0.034765,-0.036169,0.006557,0.410605,0.911072,-0.237608,-0.622205,0.937466
114,0.475000,0.031677,0.027513,-0.422153,-0.905553,-0.323444,-0.540950,0.016627,-0.043711,-0.058596,-0.310529,-0.947749,-0.106160,-0.710826,0.035080,-0.036411,0.006135,0.410297,0.911204,-0.237278,-0.622488,0.937453
115,0.479167,0.031613,0.027421,-0.422135,-0.905566,-0.323437,-0.540954,0.016622,-0.039010,-0.057937,-0.305875,-0.949506,-0.103274,-0.712649,0.035405,-0.036520,0.005877,0.410030,0.911322,-0.236867,-0.622694,0.937444
116,0.483333,0.031512,0.027332,-0.422136,-0.905572,-0.323434,-0.540952,0.016610,-0.033485,-0.056720,-0.301515,-0.951184,-0.100226,-0.714568,0.035716,-0.036256,0.006351,0.409771,0.911445,-0.236412,-0.622811,0.937478
117,0.487500,0.031432,0.027241,-0.422115,-0.905588,-0.323435,-0.540959,0.016610,-0.028288,-0.055791,-0.297042,-0.952813,-0.096965,-0.716507,0.036059,-0.036165,0.006571,0.409497,0.911571,-0.235986,-0.622966,0.937492
118,0.491667,0.031411,0.027227,-0.422115,-0.905589,-0.323431,-0.540964,0.016604,-0.022790,-0.054702,-0.292249,-0.954505,-0.093652,-0.718524,0.036394,-0.036076,0.006716,0.409231,0.911693,-0.235582,-0.623115,0.937522
119,0.495833,0.031281,0.027129,-0.422108,-0.905599,-0.323420,-0.540968,0.016601,-0.018141,-0.053470,-0.287711,-0.956051,-0.090171,-0.720587,0.036691,-0.036206,0.006767,0.408956,0.911810,-0.235144,-0.623285,0.937533
120,0.500000,0.031134,0.026964,-0.422109,-0.905609,-0.323404,-0.540972,0.016593,-0.013932,-0.052066,-0.283281,-0.957521,-0.086561,-0.722681,0.037045,-0.036431,0.006598,0.408670,0.911931,-0.234681,-0.623467,0.937543
121,0.504167,0.031004,0.026910,-0.422131,-0.905605,-0.323398,-0.540978,0.016585,-0.009757,-0.050348,-0.279131,-0.958883,-0.082854,-0.724812,0.037335,-0.036546,0.006693,0.408438,0.912030,-0.234170,-0.623628,0.937569
122,0.508333,0.030971,0.026826,-0.422112,-0.905617,-0.323387,-0.540984,0.016582,-0.005648,-0.048510,-0.274996,-0.960204,-0.079020,-0.726985,0.037626,-0.036440,0.007095,0.408286,0.912099,-0.233615,-0.623756,0.937578
123,0.512500,0.030797,0.026683,-0.422079,-0.905643,-0.323384,-0.540995,0.016578,-0.002250,-0.046722,-0.270985,-0.961446,-0.075129,-0.729101,0.037940,-0.036489,0.007374,0.408040,0.912205,-0.233074,-0.623900,0.937631
124,0.516667,0.030693,0.026604,-0.422097,-0.905640,-0.323369,-0.541001,0.016572,0.002130,-0.044163,-0.267220,-0.962621,-0.071124,-0.731307,0.038190,-0.037191,0.006797,0.407794,0.912291,-0.232572,-0.624165,0.937576
125,0.520833,0.030547,0.026491,-0.422094,-0.905650,-0.323357,-0.541011,0.016564,0.005347,-0.042192,-0.263374,-0.963756,-0.066986,-0.733499,0.038456,-0.037787,0.006435,0.407566,0.912371,-0.232000,-0.624381,0.937524
126,0.525000,0.030342,0.026348,-0.422106,-0.905656,-0.323345,-0.541025,0.016561,0.008702,-0.040073,-0.259908,-0.964762,-0.062835,-0.735632,0.038758,-0.037978,0.006562,0.407269,0.912495,-0.231369,-0.624551,0.937522
127,0.529167,0.030171,0.026210,-0.422072,-0.905681,-0.323342,-0.541037,0.016553,0.011934,-0.037705,-0.256963,-0.965612,-0.058565,-0.737822,0.038988,-0.038185,0.006520,0.407132,0.912547,-0.230698,-0.624708,0.937504
128,0.533333,0.030033,0.026152,-0.422091,-0.905678,-0.323326,-0.541042,0.016552,0.014985,-0.035684,-0.253965,-0.966439,-0.054251,-0.740014,0.039187,-0.037429,0.007747,0.408512,0.911952,-0.229938,-0.624319,0.937585
129,0.537500,0.029856,0.025978,-0.422090,-0.905689,-0.323310,-0.541050,0.016549,0.018030,-0.033710,-0.251300,-0.967154,-0.049842,-0.742213,0.039365,-0.036765,0.008487,0.408096,0.912159,-0.229355,-0.624407,0.937576
130,0.541667,0.029693,0.025852,-0.422078,-0.905704,-0.323297,-0.541061,0.016543,0.020523,-0.031713,-0.248724,-0.967838,-0.045381,-0.744413,0.039522,-0.037391,0.008290,0.407788,0.912273,-0.228660,-0.624570,0.937697
131,0.545833,0.029588,0.025725,-0.422069,-0.905715,-0.323282,-0.541069,0.016540,0.023177,-0.029530,-0.246561,-0.968400,-0.040904,-0.746570,0.039700,-0.037681,0.008336,0.407791,0.912259,-0.227862,-0.624696,0.937720
132,0.550000,0.029405,0.025614,-0.422091,-0.905715,-0.323268,-0.541076,0.016535,0.025625,-0.027720,-0.244640,-0.968879,-0.036342,-0.748679,0.039836,-0.038136,0.008552,0.407644,0.912304,-0.227117,-0.624905,0.937669
133,0.554167,0.029242,0.025443,-0.422064,-0.905737,-0.323261,-0.541094,0.016532,0.028258,-0.026051,-0.242920,-0.969285,-0.031730,-0.750820,0.039952,-0.038355,0.008934,0.407439,0.912383,-0.226325,-0.625086,0.937634
134,0.558333,0.028840,0.025202,-0.422105,-0.905738,-0.323246,-0.541102,0.016537,0.030590,-0.024659,-0.241526,-0.969599,-0.027058,-0.752984,0.040029,-0.038716,0.008746,0.407234,0.912461,-0.225606,-0.625286,0.937545
135,0.562500,0.028684,0.025066,-0.422096,-0.905751,-0.323232,-0.541117,0.016527,0.033213,-0.023203,-0.240569,-0.969786,-0.022314,-0.755123,0.040056,-0.038898,0.008923,0.407181,0.912475,-0.224770,-0.625467,0.937526
136,0.566667,0.028503,0.024933,-0.422091,-0.905762,-0.323223,-0.541127,0.016523,0.035599,-0.022034,-0.239917,-0.969890,-0.017562,-0.757194,0.040072,-0.039184,0.009187,0.406995,0.912543,-0.223913,-0.625644,0.937500
137,0.570833,0.028317,0.024771,-0.422094,-0.905771,-0.323211,-0.541136,0.016514,0.038733,-0.021219,-0.239314,-0.969937,-0.012814,-0.759291,0.040031,-0.038828,0.009822,0.406764,0.912655,-0.223114,-0.625792,0.937553
138,0.575000,0.028266,0.024699,-0.422022,-0.905808,-0.323206,-0.541150,0.016514,0.041650,-0.020539,-0.238927,-0.969927,-0.007986,-0.761326,0.039977,-0.039005,0.009883,0.406530,0.912751,-0.222295,-0.625981,0.937492
139,0.579167,0.028009,0.024499,-0.422059,-0.905805,-0.323191,-0.541159,0.016506,0.044239,-0.019908,-0.238745,-0.969870,-0.003123,-0.763340,0.039897,-0.039962,0.009997,0.406620,0.912668,-0.221376,-0.626253,0.937343
140,0.583333,0.027875,0.024397,-0.422046,-0.905817,-0.323174,-0.541173,0.016497,0.046452,-0.019290,-0.238748,-0.969778,0.001841,-0.765410,0.039775,-0.039882,0.010559,0.406502,0.912718,-0.220468,-0.626442,0.937314
141,0.587500,0.027667,0.024205,-0.422045,-0.905829,-0.323160,-0.541181,0.016491,0.048025,-0.018858,-0.238692,-0.969724,0.006760,-0.767467,0.039678,-0.040426,0.010731,0.406321,0.912773,-0.219552,-0.626664,0.937205
142,0.591667,0.027407,0.024046,-0.422025,-0.905851,-0.323141,-0.541186,0.016484,0.049173,-0.018205,-0.238615,-0.969698,0.011759,-0.769549,0.039631,-0.040956,0.010908,0.406345,0.912736,-0.218586,-0.626922,0.937108
143,0.595833,0.027224,0.023952,-0.422003,-0.905869,-0.323142,-0.541201,0.016481,0.049060,-0.017276,-0.238606,-0.969723,0.016722,-0.771582,0.039600,-0.041231,0.011289,0.406268,0.912753,-0.217614,-0.627126,0.937060
144,0.600000,0.027018,0.023735,-0.422036,-0.905866,-0.323120,-0.541207,0.016480,0.048479,-0.016289,-0.238629,-0.969763,0.021748,-0.773651,0.039620,-0.041467,0.012071,0.406132,0.912793,-0.216659,-0.627340,0.936916
145,0.604167,0.026836,0.023519,-0.422032,-0.905878,-0.323135,-0.541228,0.016469,0.046844,-0.015071,-0.238530,-0.969888,0.026770,-0.775705,0.039686,-0.041993,0.012086,0.406251,0.912716,-0.215651,-0.627606,0.936688
146,0.608333,0.026673,0.023359,-0.422026,-0.905890,-0.323126,-0.541254,0.016468,0.045218,-0.013420,-0.238603,-0.969971,0.031801,-0.777758,0.039771,-0.042243,0.012485,0.406262,0.912695,-0.214573,-0.627833,0.936624
147,0.612500,0.026380,0.023141,-0.422036,-0.905900,-0.323104,-0.541270,0.016453,0.043000,-0.012327,-0.238304,-0.970160,0.036728,-0.779885,0.039945,-0.042788,0.011871,0.406262,0.912677,-0.213593,-0.628095,0.936465
148,0.616667,0.026189,0.022993,-0.422030,-0.905912,-0.323087,-0.541287,0.016454,0.041331,-0.010743,-0.238571,-0.970186,0.041737,-0.781951,0.040048,-0.043137,0.011772,0.406464,0.912572,-0.212478,-0.628298,0.936479
149,0.620833,0.025891,0.022751,-0.422024,-0.905929,-0.323080,-0.541310,0.016450,0.039855,-0.009346,-0.238801,-0.970205,0.046748,-0.783937,0.040125,-0.043803,0.011797,0.406475,0.912535,-0.211370,-0.628526,0.936414
150,0.625000,0.025693,0.022554,-0.422020,-0.905942,-0.323075,-0.541323,0.016451,0.038387,-0.008274,-0.239152,-0.970188,0.051780,-0.785890,0.040221,-0.044493,0.011316,0.406480,0.912505,-0.210327,-0.628800,0.936339
151,0.629167,0.025366,0.022363,-0.422046,-0.905944,-0.323052,-0.541347,0.016442,0.037017,-0.007177,-0.239785,-0.970094,0.056791,-0.787822,0.040280,-0.044109,0.012110,0.406578,0.912470,-0.209171,-0.629066,0.936226
152,0.633333,0.025186,0.022153,-0.422035,-0.905959,-0.323041,-0.541371,0.016431,0.035942,-0.006411,-0.240107,-0.970060,0.061767,-0.789769,0.040339,-0.044446,0.012245,0.406648,0.912421,-0.208079,-0.629331,0.936069
153,0.637500,0.024935,0.021949,-0.422029,-0.905973,-0.323022,-0.541385,0.016436,0.034682,-0.005711,-0.240715,-0.969959,0.066779,-0.791714,0.040357,-0.044174,0.012076,0.406778,0.912378,-0.206935,-0.629599,0.935988
154,0.641667,0.024676,0.021793,-0.422040,-0.905979,-0.323008,-0.541406,0.016425,0.033156,-0.005080,-0.241004,-0.969944,0.071734,-0.793622,0.040377,-0.043970,0.012962,0.406762,0.912383,-0.205746,-0.629857,0.935891
155,0.645833,0.024424,0.021534,-0.422021,-0.906001,-0.322997,-0.541421,0.016435,0.031360,-0.004732,-0.241314,-0.969929,0.076642,-0.795554,0.040380,-0.043871,0.012753,0.406868,0.912344,-0.204583,-0.630173,0.935696
156,0.650000,0.024135,0.021389,-0.422055,-0.905997,-0.322977,-0.541440,0.016426,0.029346,-0.004468,-0.241432,-0.969964,0.081532,-0.797507,0.040381,-0.043852,0.013616,0.406986,0.912279,-0.203394,-0.630458,0.935624
157,0.654167,0.023892,0.021201,-0.422029,-0.906019,-0.322959,-0.541461,0.016420,0.027486,-0.004237,-0.241879,-0.969908,0.086398,-0.799459,0.040375,-0.043883,0.014068,0.407113,0.912215,-0.202109,-0.630749,0.935424
158,0.658333,0.023674,0.020999,-0.422033,-0.906028,-0.322946,-0.541475,0.016421,0.025463,-0.004377,-0.241925,-0.969951,0.091202,-0.801407,0.040359,-0.043954,0.014024,0.407304,0.912127,-0.200883,-0.631076,0.935348
159,0.662500,0.023392,0.020817,-0.422035,-0.906038,-0.322929,-0.541493,0.016412,0.023494,-0.004922,-0.242085,-0.969958,0.095951,-0.803328,0.040316,-0.044588,0.013665,0.407586,0.911975,-0.199511,-0.631404,0.935139
160,0.666667,0.023148,0.020683,-0.422019,-0.906056,-0.322913,-0.541512,0.016412,0.021854,-0.005656,-0.242093,-0.969990,0.100634,-0.805268,0.040253,-0.046039,0.012865,0.407946,0.911754,-0.198203,-0.631799,0.934999
161,0.670833,0.022830,0.020374,-0.421995,-0.906082,-0.322908,-0.541534,0.016405,0.020546,-0.006499,-0.242334,-0.969954,0.105354,-0.807167,0.040181,-0.050597,0.008969,0.408445,0.911335,-0.196719,-0.632082,0.934783
162,0.675000,0.022554,0.020150,-0.421977,-0.906102,-0.322892,-0.541554,0.016401,0.019396,-0.007598,-0.242653,-0.969890,0.110029,-0.809086,0.040052,-0.049563,0.009966,0.408351,0.911424,-0.195455,-0.632436,0.934414
163,0.679167,0.022259,0.019876,-0.421958,-0.906124,-0.322878,-0.541568,0.016394,0.019002,-0.009121,-0.242966,-0.969806,0.114588,-0.810942,0.039889,-0.046483,0.012539,0.408261,0.911595,-0.194178,-0.632784,0.934259
164,0.683333,0.021988,0.019649,-0.421923,-0.906152,-0.322860,-0.541582,0.016379,0.019004,-0.010851,-0.242963,-0.969789,0.119117,-0.812841,0.039720,-0.045757,0.013635,0.408424,0.911543,-0.192778,-0.633141,0.934088
165,0.687500,0.021682,0.019453,-0.421927,-0.906162,-0.322851,-0.541612,0.016371,0.018914,-0.013032,-0.242942,-0.969769,0.123579,-0.814683,0.039530,-0.046733,0.012919,0.408727,0.911368,-0.191382,-0.633579,0.933892
166,0.691667,0.021349,0.019199,-0.421922,-0.906177,-0.322830,-0.541621,0.016362,0.018930,-0.015483,-0.243161,-0.969678,0.127991,-0.816531,0.039304,-0.046830,0.013301,0.408986,0.911241,-0.189943,-0.634003,0.933724
167,0.695833,0.021099,0.018980,-0.421895,-0.906200,-0.322822,-0.541642,0.016358,0.019077,-0.018030,-0.243205,-0.969620,0.132347,-0.818369,0.039081,-0.047527,0.012782,0.409410,0.911022,-0.188485,-0.634425,0.933544
168,0.700000,0.020865,0.018768,-0.421869,-0.906222,-0.322808,-0.541658,0.016346,0.018994,-0.020741,-0.243416,-0.969514,0.136701,-0.820219,0.038844,-0.046984,0.013325,0.409601,0.910957,-0.186987,-0.634859,0.933320
169,0.704167,0.020610,0.018574,-0.421857,-0.906238,-0.322793,-0.541668,0.016346,0.019132,-0.023573,-0.243540,-0.969416,0.140998,-0.822058,0.038587,-0.047053,0.013815,0.409889,0.910816,-0.185520,-0.635287,0.933163
170,0.708333,0.020339,0.018335,-0.421842,-0.906256,-0.322780,-0.541682,0.016337,0.018856,-0.026181,-0.243654,-0.969325,0.145201,-0.823843,0.038293,-0.047125,0.014109,0.410285,0.910630,-0.183886,-0.635701,0.932986
171,0.712500,0.020119,0.018162,-0.421817,-0.906276,-0.322772,-0.541692,0.016326,0.018867,-0.029043,-0.243859,-0.969192,0.149331,-0.825597,0.038013,-0.046585,0.014640,0.410668,0.910476,-0.182360,-0.636197,0.932755
172,0.716667,0.019864,0.017917,-0.421827,-0.906282,-0.322757,-0.541703,0.016321,0.018992,-0.031653,-0.244119,-0.969043,0.153387,-0.827339,0.037735,-0.047035,0.014551,0.410883,0.910358,-0.180780,-0.636686,0.932479
173,0.720833,0.019642,0.017757,-0.421825,-0.906290,-0.322749,-0.541714,0.016322,0.019675,-0.034311,-0.244639,-0.968807,0.157409,-0.829070,0.037465,-0.046670,0.014673,0.411385,0.910148,-0.179192,-0.637185,0.932373
174,0.725000,0.019366,0.017526,-0.421820,-0.906303,-0.322741,-0.541724,0.016311,0.020624,-0.036972,-0.245144,-0.968562,0.161342,-0.830690,0.037213,-0.046590,0.015597,0.411647,0.910018,-0.177532,-0.637722,0.931920
175,0.729167,0.019227,0.017420,-0.421819,-0.906309,-0.322739,-0.541729,0.016311,0.021674,-0.039214,-0.246010,-0.968231,0.165197,-0.832318,0.036977,-0.046369,0.015787,0.411918,0.909903,-0.175908,-0.638247,0.931747
176,0.733333,0.018995,0.017202,-0.421828,-0.906314,-0.322727,-0.541739,0.016303,0.023045,-0.041632,-0.247156,-0.967807,0.168963,-0.833870,0.036732,-0.046009,0.016475,0.412311,0.909731,-0.174229,-0.638822,0.931485
177,0.737500,0.018771,0.016961,-0.421820,-0.906326,-0.322725,-0.541752,0.016286,0.024853,-0.043838,-0.248222,-0.967392,0.172639,-0.835362,0.036496,-0.045103,0.017256,0.412656,0.909606,-0.172545,-0.639394,0.931309
178,0.741667,0.018563,0.016765,-0.421864,-0.906314,-0.322716,-0.541758,0.016287,0.027812,-0.044435,-0.251009,-0.966564,0.176469,-0.836840,0.036235,-0.046102,0.017111,0.413167,0.909327,-0.170777,-0.639960,0.930950
179,0.745833,0.018335,0.016595,-0.421882,-0.906314,-0.322706,-0.541768,0.016276,0.029338,-0.046302,-0.252963,-0.965922,0.179965,-0.838212,0.036021,-0.046060,0.017977,0.413519,0.909152,-0.168989,-0.640527,0.930738
180,0.750000,0.018144,0.016354,-0.421872,-0.906326,-0.322701,-0.541774,0.016273,0.031784,-0.048112,-0.254443,-0.965367,0.183301,-0.839681,0.035787,-0.045361,0.018285,0.413821,0.909044,-0.167293,-0.641215,0.930326
181,0.754167,0.017895,0.016148,-0.421924,-0.906311,-0.322693,-0.541778,0.016258,0.035264,-0.049960,-0.256019,-0.964736,0.186503,-0.841115,0.035602,-0.044732,0.019187,0.414296,0.908840,-0.165394,-0.641783,0.930146
182,0.758333,0.017756,0.015987,-0.421947,-0.906305,-0.322687,-0.541788,0.016251,0.038731,-0.051710,-0.257935,-0.964000,0.189561,-0.842495,0.035392,-0.045547,0.018950,0.414869,0.908543,-0.163562,-0.642394,0.929830
183,0.762500,0.017539,0.015719,-0.421969,-0.906304,-0.322681,-0.541792,0.016243,0.042122,-0.053458,-0.260214,-0.963149,0.192455,-0.843848,0.035140,-0.045147,0.019862,0.415114,0.908431,-0.161683,-0.643013,0.929504
184,0.766667,0.017299,0.015423,-0.422007,-0.906296,-0.322672,-0.541795,0.016233,0.046041,-0.055117,-0.262791,-0.962176,0.195236,-0.845160,0.034868,-0.045000,0.020760,0.415561,0.908214,-0.159811,-0.643717,0.929212
185,0.770833,0.017125,0.015231,-0.422026,-0.906294,-0.322665,-0.541801,0.016222,0.049467,-0.056906,-0.265648,-0.961117,0.197878,-0.846408,0.034552,-0.043514,0.021338,0.415942,0.908099,-0.157955,-0.644414,0.928987
186,0.775000,0.016963,0.015030,-0.422088,-0.906271,-0.322657,-0.541803,0.016209,0.052266,-0.058448,-0.268799,-0.960000,0.200397,-0.847625,0.034173,-0.043983,0.022026,0.416341,0.907877,-0.155942,-0.645114,0.928614
187,0.779167,0.016782,0.014774,-0.422118,-0.906265,-0.322652,-0.541805,0.016198,0.055111,-0.059694,-0.272178,-0.958811,0.202778,-0.848792,0.033917,-0.040429,0.026203,0.414951,0.908567,-0.153761,-0.645602,0.928187
188,0.783333,0.016647,0.014503,-0.422140,-0.906262,-0.322646,-0.541810,0.016197,0.055197,-0.060167,-0.276301,-0.957597,0.205067,-0.849971,0.033576,-0.043293,0.023203,0.417243,0.907467,-0.152047,-0.646590,0.927916
189,0.787500,0.016605,0.014312,-0.422179,-0.906247,-0.322638,-0.541812,0.016192,0.053628,-0.060098,-0.279754,-0.956687,0.207058,-0.851166,0.033223,-0.040145,0.027139,0.415960,0.908091,-0.149682,-0.647113,0.927566
190,0.791667,0.016439,0.013979,-0.422225,-0.906234,-0.322634,-0.541811,0.016180,0.051995,-0.059915,-0.283649,-0.955641,0.208910,-0.852286,0.033043,-0.041668,0.025370,0.417955,0.907157,-0.147964,-0.648150,0.927241
191,0.795833,0.016305,0.013661,-0.422227,-0.906240,-0.322639,-0.541812,0.016180,0.048465,-0.058946,-0.288037,-0.954574,0.210634,-0.853394,0.032683,-0.039053,0.028917,0.416632,0.907776,-0.145615,-0.648607,0.926902
192,0.800000,0.016241,0.013403,-0.422296,-0.906213,-0.322629,-0.541811,0.016172,0.046520,-0.058470,-0.292762,-0.953262,0.212234,-0.854435,0.032344,-0.041433,0.025593,0.418973,0.906692,-0.143781,-0.649676,0.926591
193,0.804167,0.016170,0.013099,-0.422345,-0.906196,-0.322624,-0.541807,0.016169,0.044539,-0.058133,-0.297431,-0.951931,0.213634,-0.855390,0.031982,-0.038423,0.029387,0.417737,0.907280,-0.141286,-0.650264,0.926222
194,0.808333,0.016174,0.012876,-0.422431,-0.906159,-0.322625,-0.541802,0.016167,0.041337,-0.058013,-0.301829,-0.950697,0.214852,-0.856380,0.031552,-0.040255,0.027087,0.419837,0.906302,-0.139482,-0.651367,0.925899
195,0.812500,0.016104,0.012504,-0.422505,-0.906131,-0.322621,-0.541798,0.016159,0.037447,-0.058361,-0.305603,-0.949631,0.215992,-0.857377,0.030992,-0.037908,0.030642,0.418794,0.906772,-0.137000,-0.651984,0.925569
196,0.816667,0.016067,0.012099,-0.422579,-0.906103,-0.322614,-0.541791,0.016165,0.034036,-0.057975,-0.308678,-0.948788,0.216899,-0.858424,0.030529,-0.039618,0.028344,0.420853,0.905820,-0.135089,-0.653174,0.925107
197,0.820833,0.015854,0.011687,-0.422734,-0.906040,-0.322590,-0.541776,0.016159,0.030172,-0.057248,-0.311402,-0.948072,0.217706,-0.859512,0.030064,-0.037297,0.031547,0.419725,0.906336,-0.132567,-0.653830,0.924757
198,0.825000,0.015776,0.011294,-0.422856,-0.905989,-0.322576,-0.541764,0.016162,0.026393,-0.056043,-0.313850,-0.947450,0.218298,-0.860691,0.029579,-0.036707,0.031997,0.420263,0.906095,-0.130409,-0.654717,0.924497
199,0.829167,0.015590,0.010713,-0.423003,-0.905931,-0.322550,-0.541752,0.016171,0.023007,-0.054675,-0.316138,-0.946857,0.218713,-0.861864,0.029140,-0.036328,0.032728,0.421031,0.905727,-0.128236,-0.655660,0.924165
200,0.833333,0.015501,0.010140,-0.423131,-0.905879,-0.322532,-0.541742,0.016184,0.020611,-0.053180,-0.318761,-0.946118,0.218995,-0.863013,0.028714,-0.035948,0.033050,0.421841,0.905354,-0.126024,-0.656626,0.923954
201,0.837500,0.015432,0.009465,-0.423244,-0.905835,-0.322508,-0.541735,0.016191,0.019275,-0.051487,-0.321818,-0.945204,0.219254,-0.864075,0.028280,-0.035217,0.032685,0.422665,0.905011,-0.123789,-0.657671,0.923751
202,0.841667,0.015284,0.008749,-0.423435,-0.905755,-0.322475,-0.541714,0.016209,0.017855,-0.049938,-0.325212,-0.944153,0.219408,-0.864949,0.027770,-0.035365,0.032208,0.423507,0.904629,-0.121432,-0.658712,0.923563
203,0.845833,0.015111,0.007892,-0.423629,-0.905675,-0.322435,-0.541696,0.016236,0.017007,-0.048514,-0.328625,-0.943060,0.219602,-0.865711,0.027282,-0.035001,0.032106,0.424318,0.904267,-0.119033,-0.659787,0.923212
204,0.850000,0.014643,0.006882,-0.423957,-0.905538,-0.322370,-0.541671,0.016253,0.017090,-0.046741,-0.331658,-0.942086,0.219736,-0.866289,0.026836,-0.034926,0.032177,0.425138,0.903882,-0.116607,-0.660879,0.922978
205,0.854167,0.014057,0.005887,-0.424436,-0.905329,-0.322298,-0.541608,0.016273,0.017162,-0.044819,-0.334259,-0.941259,0.219913,-0.866767,0.026422,-0.035204,0.031793,0.426019,0.903470,-0.114109,-0.661983,0.922686
206,0.858333,0.013301,0.004690,-0.424975,-0.905095,-0.322198,-0.541574,0.016288,0.017005,-0.042897,-0.336088,-0.940699,0.220128,-0.867211,0.025992,-0.034627,0.031980,0.426683,0.903172,-0.111598,-0.663105,0.922361
207,0.862500,0.012399,0.003498,-0.425667,-0.904788,-0.322092,-0.541528,0.016297,0.017738,-0.040411,-0.337365,-0.940339,0.220316,-0.867551,0.025623,-0.034675,0.031895,0.427469,0.902802,-0.109101,-0.664321,0.921967
208,0.866667,0.011462,0.002196,-0.426309,-0.904502,-0.321996,-0.541502,0.016299,0.018565,-0.037892,-0.338197,-0.940129,0.220487,-0.867758,0.025257,-0.034342,0.032386,0.428211,0.902445,-0.106535,-0.665550,0.921552
209,0.870833,0.011243,0.001068,-0.426684,-0.904330,-0.321922,-0.541503,0.016367,0.019153,-0.035484,-0.338796,-0.939996,0.220613,-0.867849,0.024856,-0.034231,0.032717,0.428732,0.902190,-0.104021,-0.666764,0.921188
210,0.875000,0.010735,-0.000500,-0.427027,-0.904175,-0.321860,-0.541497,0.016429,0.019922,-0.032909,-0.339368,-0.939867,0.220653,-0.867857,0.024419,-0.034704,0.032317,0.429778,0.901688,-0.101460,-0.668032,0.920916
211,0.879167,0.010095,-0.002098,-0.427502,-0.903956,-0.321781,-0.541494,0.016533,0.017508,-0.032003,-0.340124,-0.939673,0.220438,-0.867641,0.023809,-0.034819,0.033178,0.430368,0.901371,-0.098930,-0.669337,0.920463
212,0.883333,0.009393,-0.003833,-0.428047,-0.903700,-0.321672,-0.541492,0.016649,0.017519,-0.029594,-0.340113,-0.939756,0.220274,-0.867597,0.023315,-0.034528,0.032832,0.431872,0.900676,-0.096480,-0.670727,0.920584
213,0.887500,0.008477,-0.005717,-0.428637,-0.903419,-0.321521,-0.541490,0.016739,0.017736,-0.027053,-0.339349,-0.940104,0.220006,-0.867644,0.022808,-0.035293,0.031989,0.432895,0.900185,-0.093923,-0.672081,0.920351
214,0.891667,0.007806,-0.007329,-0.429273,-0.903111,-0.321386,-0.541484,0.016838,0.017693,-0.024407,-0.338421,-0.940512,0.219773,-0.867720,0.022236,-0.035631,0.030749,0.433897,0.899733,-0.091403,-0.673407,0.920239
215,0.895833,0.007343,-0.009289,-0.429712,-0.902888,-0.321241,-0.541477,0.016950,0.018157,-0.021572,-0.337172,-0.941021,0.219534,-0.867763,0.021778,-0.036591,0.029997,0.434956,0.899208,-0.088814,-0.674757,0.920068
216,0.900000,0.006094,-0.011842,-0.430552,-0.902467,-0.321028,-0.541464,0.017092,0.018133,-0.019061,-0.336188,-0.941428,0.219349,-0.867719,0.021335,-0.037144,0.029135,0.435783,0.898813,-0.086280,-0.676170,0.919950
217,0.904167,0.005144,-0.013878,-0.431091,-0.902187,-0.320879,-0.541472,0.017278,0.018377,-0.016837,-0.335123,-0.941845,0.219219,-0.867656,0.020861,-0.037523,0.028215,0.436733,0.898365,-0.083663,-0.677542,0.920029
218,0.908333,0.004969,-0.015106,-0.431316,-0.902061,-0.320789,-0.541472,0.017491,0.017846,-0.015027,-0.334329,-0.942168,0.219134,-0.867515,0.020405,-0.038597,0.028489,0.437552,0.897912,-0.081093,-0.678986,0.919895
219,0.912500,0.003878,-0.017439,-0.431989,-0.901702,-0.320683,-0.541475,0.017667,0.017422,-0.013160,-0.333373,-0.942542,0.219000,-0.867393,0.019928,-0.038834,0.028520,0.438341,0.897516,-0.078462,-0.680409,0.919718
220,0.916667,0.002601,-0.020526,-0.432969,-0.901171,-0.320576,-0.541447,0.017920,0.017338,-0.011091,-0.332085,-0.943025,0.218801,-0.867284,0.019453,-0.039439,0.028947,0.439023,0.897143,-0.075928,-0.681918,0.919434
221,0.920833,0.001467,-0.023767,-0.434006,-0.900595,-0.320461,-0.541438,0.018195,0.017209,-0.009289,-0.330656,-0.943549,0.218581,-0.867163,0.018999,-0.040090,0.029244,0.439733,0.896756,-0.073261,-0.683371,0.919206
222,0.925000,0.000448,-0.026938,-0.434842,-0.900104,-0.320358,-0.541453,0.018469,0.017164,-0.007338,-0.328894,-0.944182,0.218319,-0.867055,0.018505,-0.040854,0.028801,0.440590,0.896316,-0.070728,-0.684895,0.919121
223,0.929167,-0.000128,-0.029767,-0.435417,-0.899737,-0.320270,-0.541488,0.018794,0.016961,-0.005539,-0.327125,-0.944813,0.218034,-0.866888,0.018099,-0.041411,0.028673,0.441350,0.895920,-0.068085,-0.686383,0.918961
224,0.933333,-0.000099,-0.032021,-0.436119,-0.899319,-0.320191,-0.541542,0.019087,0.015810,-0.004212,-0.326029,-0.945218,0.217660,-0.866568,0.017601,-0.041942,0.029435,0.441960,0.895570,-0.065565,-0.688007,0.918733
225,0.937500,0.000305,-0.033844,-0.437137,-0.898758,-0.320050,-0.541589,0.019408,0.015428,-0.002544,-0.324382,-0.945797,0.217454,-0.866392,0.017217,-0.042038,0.029265,0.442536,0.895287,-0.063044,-0.689573,0.918748
226,0.941667,0.000431,-0.035918,-0.438412,-0.898056,-0.319852,-0.541638,0.019767,0.015387,-0.000901,-0.322885,-0.946313,0.217265,-0.866234,0.016848,-0.042857,0.029243,0.443288,0.894876,-0.060415,-0.691136,0.918764
227,0.945833,0.000866,-0.037594,-0.439539,-0.897436,-0.319643,-0.541710,0.020126,0.015824,0.000542,-0.321458,-0.946791,0.217051,-0.866142,0.016511,-0.043456,0.028648,0.443882,0.894572,-0.057847,-0.692749,0.918640
228,0.950000,0.001842,-0.039009,-0.440684,-0.896812,-0.319438,-0.541761,0.020499,0.016446,0.001797,-0.320377,-0.947146,0.216866,-0.866102,0.016213,-0.044523,0.028320,0.444601,0.894173,-0.055217,-0.694322,0.918617
229,0.954167,0.003113,-0.040614,-0.442223,-0.895980,-0.319206,-0.541838,0.020872,0.016990,0.003076,-0.319643,-0.947381,0.216728,-0.866076,0.015926,-0.044837,0.028208,0.445129,0.893898,-0.052693,-0.695923,0.918676
230,0.958333,0.003739,-0.042642,-0.443894,-0.895056,-0.318997,-0.541954,0.021248,0.017083,0.004299,-0.319323,-0.947482,0.216628,-0.866057,0.015656,-0.045093,0.027996,0.445543,0.893686,-0.050148,-0.697536,0.918761
231,0.962500,0.004492,-0.044948,-0.445675,-0.894055,-0.318739,-0.542079,0.021692,0.016889,0.005282,-0.319429,-0.947445,0.216590,-0.866068,0.015416,-0.045144,0.027554,0.445956,0.893491,-0.047544,-0.699145,0.918888
232,0.966667,0.005158,-0.047318,-0.447486,-0.893023,-0.318457,-0.542253,0.022125,0.017204,0.006053,-0.319762,-0.947322,0.216569,-0.866120,0.015239,-0.045158,0.027301,0.446077,0.893438,-0.045126,-0.700827,0.919087
233,0.970833,0.005758,-0.049337,-0.449120,-0.892089,-0.318153,-0.542411,0.022532,0.017364,0.006612,-0.320267,-0.947145,0.216587,-0.866199,0.015133,-0.045323,0.027778,0.446674,0.893116,-0.042589,-0.702390,0.919307
234,0.975000,0.006820,-0.051130,-0.450862,-0.891102,-0.317747,-0.542561,0.023021,0.017257,0.007086,-0.320893,-0.946932,0.216626,-0.866318,0.015037,-0.045460,0.027711,0.447203,0.892847,-0.040033,-0.704032,0.919393
235,0.979167,0.007470,-0.053433,-0.452789,-0.889984,-0.317340,-0.542767,0.023493,0.017202,0.007406,-0.321766,-0.946634,0.216706,-0.866456,0.014983,-0.045405,0.027258,0.447602,0.892663,-0.037483,-0.705668,0.919540
236,0.983333,0.008805,-0.055477,-0.455277,-0.888576,-0.316859,-0.543012,0.023958,0.017072,0.007685,-0.322834,-0.946270,0.216799,-0.866618,0.014916,-0.045782,0.027694,0.448023,0.892419,-0.035014,-0.707306,0.919794
237,0.987500,0.009032,-0.058137,-0.457742,-0.887136,-0.316373,-0.543292,0.024444,0.016837,0.007911,-0.323810,-0.945939,0.216890,-0.866766,0.014865,-0.045802,0.027459,0.448264,0.892305,-0.032549,-0.708905,0.920114
238,0.991667,0.009411,-0.061106,-0.460427,-0.885542,-0.315846,-0.543610,0.024936,0.016700,0.008096,-0.324718,-0.945629,0.216963,-0.866914,0.014818,-0.045685,0.027462,0.448435,0.892225,-0.030146,-0.710531,0.920417
239,0.995833,0.010284,-0.063201,-0.463018,-0.884033,-0.315366,-0.543916,0.025363,0.016285,0.008175,-0.325495,-0.945368,0.217037,-0.867043,0.014804,-0.045846,0.027396,0.448585,0.892143,-0.027707,-0.712111,0.920735
240,1.000000,0.012263,-0.064915,-0.466127,-0.882248,-0.314781,-0.544214,0.025778,0.015821,0.008080,-0.326280,-0.945106,0.217118,-0.867173,0.014810,-0.046042,0.028132,0.449028,0.891887,-0.025253,-0.713649,0.921082
241,1.004167,0.012954,-0.066762,-0.469083,-0.880532,-0.314168,-0.544532,0.026208,0.015150,0.008021,-0.327135,-0.944822,0.217197,-0.867312,0.014812,-0.046185,0.028140,0.449344,0.891720,-0.022830,-0.715261,0.921399
242,1.008333,0.014425,-0.068283,-0.472262,-0.878691,-0.313497,-0.544837,0.026670,0.014438,0.007997,-0.327998,-0.944534,0.217285,-0.867464,0.014812,-0.045719,0.028443,0.449463,0.891675,-0.020477,-0.716826,0.921818
243,1.012500,0.015829,-0.069988,-0.476109,-0.876454,-0.312767,-0.545146,0.027096,0.009209,0.007242,-0.329424,-0.944109,0.217405,-0.867421,0.014601,-0.046316,0.028664,0.449621,0.891557,-0.018069,-0.718426,0.922140
244,1.016667,0.017331,-0.072015,-0.480264,-0.873991,-0.312003,-0.545408,0.027542,0.008365,0.007097,-0.330222,-0.943839,0.217475,-0.867555,0.014594,-0.046938,0.028658,0.449604,0.891534,-0.015827,-0.720028,0.922651
245,1.020833,0.018078,-0.073472,-0.484320,-0.871613,-0.311200,-0.545674,0.028039,0.007690,0.007000,-0.330977,-0.943582,0.217523,-0.867679,0.014589,-0.047394,0.029384,0.449423,0.891577,-0.013516,-0.721668,0.923079
246,1.025000,0.019429,-0.074436,-0.488096,-0.869393,-0.310330,-0.545970,0.028463,0.006972,0.006849,-0.331621,-0.943362,0.217558,-0.867783,0.014586,-0.047980,0.029234,0.449488,0.891517,-0.011266,-0.723287,0.923653
247,1.029167,0.020973,-0.075314,-0.492394,-0.866854,-0.309388,-0.546317,0.028926,0.006295,0.006791,-0.332200,-0.943164,0.217598,-0.867887,0.014570,-0.048449,0.029668,0.449960,0.891240,-0.008875,-0.724761,0.924097
248,1.033333,0.021422,-0.077745,-0.497183,-0.863890,-0.308378,-0.546729,0.029443,0.005550,0.006731,-0.332690,-0.942996,0.217625,-0.867978,0.014562,-0.048836,0.029827,0.449982,0.891203,-0.006634,-0.726357,0.924556
249,1.037500,0.022071,-0.079988,-0.501607,-0.861107,-0.307413,-0.547112,0.029849,0.005221,0.006663,-0.333181,-0.942825,0.217662,-0.868056,0.014564,-0.048682,0.030191,0.449719,0.891331,-0.004366,-0.727981,0.924864
250,1.041667,0.022240,-0.081603,-0.505977,-0.858390,-0.306322,-0.547561,0.030351,0.004818,0.006609,-0.333524,-0.942706,0.217685,-0.868115,0.014558,-0.048763,0.030284,0.449683,0.891342,-0.002208,-0.729531,0.925457
251,1.045833,0.022082,-0.082951,-0.510180,-0.855774,-0.305210,-0.548005,0.030876,0.004340,0.006588,-0.333669,-0.942657,0.217683,-0.868140,0.014550,-0.048772,0.030473,0.449495,0.891430,0.000034,-0.731096,0.925899
252,1.050000,0.021918,-0.084949,-0.514351,-0.853080,-0.303982,-0.548534,0.031326,0.004222,0.006574,-0.333839,-0.942598,0.217698,-0.868171,0.014539,-0.047854,0.029901,0.449376,0.891559,0.002138,-0.732739,0.926372
253,1.054167,0.021703,-0.086712,-0.518603,-0.850330,-0.302740,-0.549050,0.031716,0.003989,0.006617,-0.333884,-0.942582,0.217688,-0.868179,0.014530,-0.047624,0.029837,0.449331,0.891596,0.004295,-0.734246,0.926813
254,1.058333,0.020940,-0.088754,-0.522943,-0.847476,-0.301449,-0.549538,0.032233,0.003902,0.006649,-0.334004,-0.942540,0.217697,-0.868188,0.014515,-0.047306,0.029815,0.449205,0.891677,0.006449,-0.735802,0.927359
255,1.062500,0.022145,-0.090351,-0.527812,-0.844251,-0.300187,-0.550032,0.032521,0.003756,0.006703,-0.334112,-0.942502,0.217694,-0.868197,0.014504,-0.046592,0.029913,0.448950,0.891840,0.008548,-0.737335,0.927842
256,1.066667,0.020108,-0.093487,-0.532256,-0.841165,-0.298799,-0.550518,0.032995,0.003668,0.006775,-0.334218,-0.942464,0.217705,-0.868219,0.014487,-0.046123,0.030063,0.448700,0.891985,0.010651,-0.738902,0.928115
257,1.070833,0.019814,-0.095451,-0.536895,-0.837998,-0.297381,-0.551049,0.033383,0.003680,0.006793,-0.334330,-0.942425,0.217704,-0.868221,0.014491,-0.045465,0.030121,0.448479,0.892128,0.012695,-0.740462,0.928552
258,1.075000,0.019992,-0.097860,-0.541809,-0.834546,-0.295913,-0.551556,0.033786,0.003587,0.006843,-0.334347,-0.942419,0.217703,-0.868224,0.014482,-0.044775,0.030209,0.448115,0.892343,0.014734,-0.741985,0.928830
259,1.079167,0.017258,-0.097021,-0.548036,-0.830629,-0.294295,-0.552149,0.033911,0.003313,0.006865,-0.334338,-0.942423,0.217690,-0.868223,0.014470,-0.043722,0.030975,0.447855,0.892499,0.016756,-0.743527,0.929290
260,1.083333,0.016326,-0.098910,-0.552512,-0.827454,-0.292657,-0.552695,0.034272,0.003101,0.006916,-0.334389,-0.942405,0.217698,-0.868217,0.014456,-0.043346,0.031591,0.447452,0.892698,0.018806,-0.745045,0.929488
261,1.087500,0.015058,-0.100861,-0.557015,-0.824218,-0.290963,-0.553267,0.034612,0.002939,0.006933,-0.334456,-0.942381,0.217693,-0.868239,0.014443,-0.041978,0.031587,0.447048,0.892966,0.020719,-0.746585,0.929826
262,1.091667,0.013744,-0.102834,-0.561822,-0.820727,-0.289195,-0.553842,0.035021,0.002743,0.006992,-0.334501,-0.942365,0.217700,-0.868261,0.014433,-0.041542,0.032346,0.446799,0.893084,0.022694,-0.748087,0.929995
263,1.095833,0.012615,-0.104572,-0.566624,-0.817216,-0.287451,-0.554422,0.035359,0.002493,0.006991,-0.334646,-0.942315,0.217716,-0.868282,0.014416,-0.041151,0.033146,0.446525,0.893209,0.024689,-0.749495,0.930270
264,1.100000,0.011760,-0.105929,-0.571249,-0.813828,-0.285674,-0.554973,0.035656,0.002261,0.007008,-0.334769,-0.942272,0.217727,-0.868305,0.014409,-0.040808,0.033319,0.446441,0.893261,0.026561,-0.750922,0.930667
265,1.104167,0.010639,-0.107494,-0.575767,-0.810447,-0.283751,-0.555512,0.035982,0.001913,0.007119,-0.334708,-0.942293,0.217718,-0.868331,0.014394,-0.040470,0.033706,0.446148,0.893408,0.028431,-0.752345,0.930855
266,1.108333,0.009564,-0.108854,-0.580512,-0.806886,-0.281817,-0.556063,0.036266,0.001608,0.007105,-0.334678,-0.942304,0.217716,-0.868347,0.014374,-0.039730,0.034526,0.445984,0.893492,0.030390,-0.753719,0.930995
267,1.112500,0.008252,-0.110062,-0.585001,-0.803488,-0.279847,-0.556598,0.036567,0.001239,0.007127,-0.334730,-0.942286,0.217713,-0.868365,0.014360,-0.039938,0.034506,0.445827,0.893562,0.032115,-0.755121,0.931400
268,1.116667,0.006560,-0.111493,-0.589146,-0.800271,-0.277791,-0.557174,0.036859,0.000995,0.007123,-0.334801,-0.942261,0.217727,-0.868388,0.014349,-0.039594,0.035214,0.445593,0.893666,0.033865,-0.756447,0.931558
269,1.120833,0.004750,-0.112616,-0.593550,-0.796865,-0.275684,-0.557727,0.037119,0.000671,0.007158,-0.334865,-0.942239,0.217730,-0.868403,0.014341,-0.039112,0.035532,0.445610,0.893667,0.035620,-0.757786,0.931778
270,1.125000,0.002711,-0.114161,-0.597424,-0.793754,-0.273494,-0.558351,0.037405,0.000543,0.007234,-0.334891,-0.942229,0.217731,-0.868419,0.014328,-0.039067,0.035730,0.445481,0.893725,0.037352,-0.759076,0.932001
271,1.129167,0.001053,-0.114664,-0.601477,-0.790618,-0.271212,-0.558983,0.037705,0.000416,0.007263,-0.334918,-0.942219,0.217735,-0.868430,0.014322,-0.039090,0.036754,0.445485,0.893680,0.039136,-0.760347,0.932039
272,1.133333,-0.001212,-0.115704,-0.605299,-0.787543,-0.268920,-0.559689,0.037979,0.000305,0.007292,-0.334857,-0.942241,0.217730,-0.868429,0.014320,-0.039619,0.036855,0.445535,0.893628,0.040699,-0.761621,0.932360
273,1.137500,-0.002760,-0.115923,-0.609066,-0.784598,-0.266399,-0.560338,0.038194,0.000062,0.007333,-0.334765,-0.942273,0.217715,-0.868411,0.014310,-0.039415,0.036802,0.445501,0.893656,0.042372,-0.762813,0.932578
274,1.141667,-0.004750,-0.115652,-0.612882,-0.781651,-0.263897,-0.561053,0.038542,-0.000039,0.007402,-0.334714,-0.942291,0.217714,-0.868403,0.014312,-0.039531,0.037040,0.445650,0.893566,0.043967,-0.764014,0.932876
275,1.145833,-0.007780,-0.115532,-0.616439,-0.778842,-0.261247,-0.561838,0.038803,-0.000053,0.007413,-0.334663,-0.942309,0.217696,-0.868404,0.014301,-0.039325,0.037572,0.445639,0.893559,0.045476,-0.765189,0.933001
276,1.150000,-0.010971,-0.114889,-0.619395,-0.776550,-0.258516,-0.562635,0.039077,0.000057,0.007465,-0.334622,-0.942323,0.217694,-0.868401,0.014293,-0.038614,0.037455,0.445543,0.893643,0.046986,-0.766363,0.933127
277,1.154167,-0.013905,-0.113806,-0.621766,-0.774766,-0.255681,-0.563601,0.039392,0.000048,0.007470,-0.334571,-0.942341,0.217680,-0.868386,0.014282,-0.038846,0.038667,0.445652,0.893527,0.048554,-0.767502,0.933133
278,1.158333,-0.016511,-0.111925,-0.623857,-0.773306,-0.252565,-0.564521,0.039677,0.000021,0.007500,-0.334515,-0.942361,0.217674,-0.868375,0.014283,-0.038853,0.038927,0.445807,0.893438,0.050101,-0.768560,0.933367
279,1.162500,-0.019244,-0.110409,-0.624682,-0.772795,-0.249323,-0.565605,0.039930,-0.000014,0.007534,-0.334464,-0.942378,0.217666,-0.868368,0.014281,-0.038127,0.038898,0.445799,0.893475,0.051518,-0.769642,0.933421
280,1.166667,-0.021682,-0.109142,-0.624407,-0.773132,-0.245861,-0.566816,0.040117,0.000076,0.007570,-0.334399,-0.942401,0.217656,-0.868359,0.014278,-0.037639,0.038877,0.445979,0.893407,0.052739,-0.770732,0.933810
281,1.170833,-0.023929,-0.107461,-0.623155,-0.774311,-0.242216,-0.568165,0.040240,0.000101,0.007603,-0.334313,-0.942431,0.217647,-0.868360,0.014279,-0.037292,0.038682,0.445970,0.893434,0.054163,-0.771762,0.933921
282,1.175000,-0.025711,-0.105357,-0.621017,-0.776258,-0.238198,-0.569560,0.040292,0.000104,0.007638,-0.334271,-0.942446,0.217649,-0.868359,0.014278,-0.036884,0.039102,0.446083,0.893376,0.055476,-0.772783,0.933964
283,1.179167,-0.026411,-0.102801,-0.617937,-0.779030,-0.234016,-0.571084,0.040267,-0.000147,0.007625,-0.334270,-0.942446,0.217639,-0.868354,0.014270,-0.036211,0.039391,0.446195,0.893335,0.056751,-0.773787,0.934187
284,1.183333,-0.028092,-0.100939,-0.613349,-0.782831,-0.229657,-0.572777,0.040145,-0.000187,0.007641,-0.334319,-0.942429,0.217640,-0.868349,0.014269,-0.035949,0.040526,0.446297,0.893244,0.058090,-0.774687,0.934210
285,1.187500,-0.028252,-0.097237,-0.608617,-0.786977,-0.224968,-0.574465,0.040098,-0.000343,0.007582,-0.334327,-0.942427,0.217640,-0.868357,0.014266,-0.035498,0.040641,0.446410,0.893200,0.059381,-0.775607,0.934341
286,1.191667,-0.027713,-0.093672,-0.603127,-0.791641,-0.220230,-0.576289,0.039884,-0.000605,0.007528,-0.334356,-0.942416,0.217639,-0.868360,0.014266,-0.035348,0.041048,0.446640,0.893072,0.060522,-0.776486,0.934534
287,1.195833,-0.027140,-0.090111,-0.596920,-0.796762,-0.215333,-0.578235,0.039613,-0.000701,0.007522,-0.334431,-0.942390,0.217644,-0.868378,0.014271,-0.034913,0.041248,0.446726,0.893037,0.061644,-0.777408,0.934735
288,1.200000,-0.025733,-0.086724,-0.590059,-0.802276,-0.210283,-0.580266,0.039235,-0.000860,0.007523,-0.334493,-0.942368,0.217654,-0.868391,0.014272,-0.033715,0.042222,0.447068,0.892867,0.062832,-0.778294,0.934930
289,1.204167,-0.025091,-0.082508,-0.583404,-0.807590,-0.205122,-0.582397,0.038968,-0.001107,0.007529,-0.334534,-0.942353,0.217669,-0.868398,0.014277,-0.031982,0.041741,0.447481,0.892746,0.063962,-0.779098,0.935319
290,1.208333,-0.024257,-0.079076,-0.576160,-0.813141,-0.199813,-0.584567,0.038632,-0.001284,0.007531,-0.334639,-0.942316,0.217678,-0.868407,0.014281,-0.032137,0.042669,0.447706,0.892584,0.064911,-0.780008,0.935114
291,1.212500,-0.023467,-0.075861,-0.568434,-0.818888,-0.194478,-0.586859,0.038260,-0.001456,0.007452,-0.334684,-0.942300,0.217681,-0.868419,0.014284,-0.031447,0.042635,0.448045,0.892440,0.065924,-0.780808,0.935275
292,1.216667,-0.023080,-0.073091,-0.560594,-0.824536,-0.189033,-0.589240,0.037896,-0.001721,0.007401,-0.334741,-0.942280,0.217676,-0.868419,0.014285,-0.031351,0.043291,0.448326,0.892270,0.066966,-0.781542,0.935430
293,1.220833,-0.022106,-0.070081,-0.552593,-0.830205,-0.183516,-0.591619,0.037523,-0.001895,0.007374,-0.334762,-0.942272,0.217682,-0.868432,0.014296,-0.031513,0.043538,0.448470,0.892181,0.068012,-0.782199,0.935478
294,1.225000,-0.021122,-0.066888,-0.544764,-0.835651,-0.177943,-0.594060,0.037116,-0.002027,0.007355,-0.334828,-0.942248,0.217686,-0.868435,0.014308,-0.029306,0.043015,0.448915,0.892057,0.069023,-0.782859,0.936110
295,1.229167,-0.020423,-0.063939,-0.536831,-0.841015,-0.172420,-0.596589,0.036755,-0.002210,0.007301,-0.334849,-0.942241,0.217689,-0.868443,0.014308,-0.028605,0.042376,0.449182,0.891976,0.069999,-0.783485,0.936381
296,1.233333,-0.019088,-0.060612,-0.529081,-0.846189,-0.166847,-0.599123,0.036363,-0.002264,0.007294,-0.334898,-0.942224,0.217697,-0.868447,0.014319,-0.027897,0.042495,0.449211,0.891979,0.070884,-0.784143,0.936488
297,1.237500,-0.017317,-0.057170,-0.521288,-0.851288,-0.161209,-0.601724,0.035969,-0.002510,0.007252,-0.334864,-0.942235,0.217692,-0.868446,0.014316,-0.027595,0.043434,0.449256,0.891920,0.071847,-0.784812,0.936513
298,1.241667,-0.015287,-0.053082,-0.513605,-0.856247,-0.155646,-0.604346,0.035590,-0.002606,0.007193,-0.334866,-0.942235,0.217699,-0.868448,0.014323,-0.028014,0.043291,0.449646,0.891717,0.072749,-0.785372,0.936747
299,1.245833,-0.013066,-0.049148,-0.506253,-0.860884,-0.150084,-0.607022,0.035225,-0.002778,0.007164,-0.334871,-0.942233,0.217699,-0.868451,0.014331,-0.027314,0.043367,0.449661,0.891728,0.073582,-0.785959,0.936804
300,1.250000,-0.010969,-0.045283,-0.498977,-0.865362,-0.144526,-0.609730,0.034810,-0.002900,0.007141,-0.334877,-0.942230,0.217701,-0.868448,0.014336,-0.027439,0.043695,0.449616,0.891731,0.074461,-0.786543,0.936773
301,1.254167,-0.008741,-0.041399,-0.491875,-0.869637,-0.139015,-0.612456,0.034408,-0.003016,0.007133,-0.334864,-0.942235,0.217690,-0.868445,0.014340,-0.027915,0.043458,0.449743,0.891663,0.075262,-0.787028,0.936893
302,1.258333,-0.006399,-0.037195,-0.484905,-0.873752,-0.133525,-0.615193,0.034030,-0.003115,0.007103,-0.334811,-0.942253,0.217692,-0.868445,0.014343,-0.027547,0.042575,0.449795,0.891691,0.076084,-0.787527,0.937094
303,1.262500,-0.004576,-0.033618,-0.478158,-0.877619,-0.128114,-0.617940,0.033668,-0.003121,0.007089,-0.334804,-0.942256,0.217689,-0.868444,0.014352,-0.027095,0.042634,0.449640,0.891780,0.076878,-0.788071,0.937214
304,1.266667,-0.001993,-0.029884,-0.471648,-0.881278,-0.122720,-0.620714,0.033280,-0.003307,0.007042,-0.334817,-0.942251,0.217695,-0.868441,0.014354,-0.027052,0.042635,0.449671,0.891766,0.077682,-0.788595,0.937291
305,1.270833,0.000245,-0.026362,-0.464941,-0.884949,-0.117444,-0.623491,0.032903,-0.003367,0.007004,-0.334799,-0.942257,0.217697,-0.868439,0.014353,-0.026610,0.042560,0.449612,0.891813,0.078441,-0.789063,0.937419
306,1.275000,0.002854,-0.022634,-0.458822,-0.888235,-0.112214,-0.626313,0.032506,-0.003531,0.007020,-0.334772,-0.942266,0.217698,-0.868439,0.014359,-0.026104,0.043005,0.449068,0.892080,0.079132,-0.789582,0.937354
307,1.279167,0.005318,-0.019174,-0.452832,-0.891374,-0.107053,-0.629085,0.032160,-0.003672,0.006966,-0.334849,-0.942239,0.217699,-0.868436,0.014363,-0.026013,0.044054,0.448564,0.892285,0.079777,-0.790142,0.937242
308,1.283333,0.007408,-0.015724,-0.447100,-0.894315,-0.101988,-0.631844,0.031827,-0.003748,0.006965,-0.334841,-0.942241,0.217697,-0.868440,0.014368,-0.025608,0.043901,0.448332,0.892421,0.080482,-0.790522,0.937330
309,1.287500,0.009684,-0.012292,-0.441571,-0.897090,-0.097037,-0.634604,0.031545,-0.003853,0.006917,-0.334868,-0.942232,0.217697,-0.868432,0.014371,-0.025137,0.043622,0.447961,0.892634,0.081186,-0.790955,0.937402
310,1.291667,0.011729,-0.009173,-0.436319,-0.899669,-0.092135,-0.637372,0.031304,-0.003858,0.006912,-0.334904,-0.942219,0.217714,-0.868435,0.014379,-0.024937,0.043215,0.447638,0.892822,0.081927,-0.791340,0.937630
311,1.295833,0.013746,-0.005734,-0.431317,-0.902078,-0.087314,-0.640073,0.031032,-0.003977,0.006894,-0.334852,-0.942237,0.217708,-0.868429,0.014376,-0.021998,0.044612,0.448309,0.892494,0.082408,-0.791700,0.938575
312,1.300000,0.015597,-0.002371,-0.426660,-0.904274,-0.082581,-0.642753,0.030825,-0.004023,0.006909,-0.334871,-0.942230,0.217716,-0.868433,0.014382,-0.021348,0.043789,0.448007,0.892702,0.083014,-0.792045,0.938732
313,1.304167,0.017099,0.000604,-0.422307,-0.906291,-0.077895,-0.645447,0.030575,-0.004220,0.006838,-0.334925,-0.942210,0.217717,-0.868428,0.014377,-0.020454,0.043543,0.447439,0.893019,0.083622,-0.792413,0.938761
314,1.308333,0.018800,0.003343,-0.418445,-0.908042,-0.073210,-0.648152,0.030370,-0.004246,0.006824,-0.334964,-0.942197,0.217716,-0.868425,0.014378,-0.020209,0.043511,0.446895,0.893299,0.084229,-0.792738,0.938830
315,1.312500,0.020614,0.006471,-0.414446,-0.909818,-0.068675,-0.650797,0.030145,-0.004267,0.006839,-0.334958,-0.942199,0.217718,-0.868433,0.014386,-0.020016,0.043572,0.446454,0.893521,0.084881,-0.793037,0.938911
316,1.316667,0.022288,0.009147,-0.410936,-0.911346,-0.064130,-0.653478,0.029927,-0.004350,0.006809,-0.335018,-0.942177,0.217724,-0.868431,0.014387,-0.020150,0.043159,0.445986,0.893772,0.085472,-0.793311,0.938946
317,1.320833,0.023746,0.011599,-0.407683,-0.912741,-0.059614,-0.656115,0.029735,-0.004463,0.006788,-0.335024,-0.942175,0.217727,-0.868427,0.014385,-0.019832,0.043537,0.445370,0.894068,0.086091,-0.793590,0.939009
318,1.325000,0.025746,0.014447,-0.404236,-0.914178,-0.055228,-0.658748,0.029488,-0.004420,0.006805,-0.335001,-0.942183,0.217733,-0.868425,0.014390,-0.019627,0.043078,0.444753,0.894401,0.086689,-0.793834,0.938978
319,1.329167,0.027655,0.016978,-0.401158,-0.915434,-0.050840,-0.661312,0.029281,-0.004446,0.006802,-0.335016,-0.942177,0.217735,-0.868428,0.014389,-0.019025,0.042516,0.444125,0.894753,0.087289,-0.794061,0.939000
320,1.333333,0.029742,0.019843,-0.398221,-0.916593,-0.046517,-0.663877,0.029035,-0.004598,0.006779,-0.335013,-0.942178,0.217724,-0.868423,0.014388,-0.018935,0.042088,0.443523,0.895074,0.087882,-0.794262,0.939023
321,1.337500,0.031589,0.022454,-0.395312,-0.917729,-0.042248,-0.666406,0.028809,-0.004648,0.006776,-0.334988,-0.942187,0.217728,-0.868432,0.014394,-0.019024,0.042294,0.442954,0.895344,0.088523,-0.794528,0.939040
322,1.341667,0.034264,0.025288,-0.392676,-0.918690,-0.038028,-0.668909,0.028547,-0.004668,0.006746,-0.335035,-0.942170,0.217739,-0.868432,0.014400,-0.018582,0.042219,0.442313,0.895674,0.089144,-0.794768,0.939051
323,1.345833,0.036668,0.027851,-0.389682,-0.919798,-0.033940,-0.671361,0.028257,-0.004749,0.006757,-0.334986,-0.942187,0.217731,-0.868438,0.014407,-0.016775,0.041283,0.441293,0.896256,0.089666,-0.795016,0.938866
324,1.350000,0.039077,0.030137,-0.387018,-0.920751,-0.029821,-0.673824,0.027993,-0.004864,0.006726,-0.335018,-0.942175,0.217734,-0.868437,0.014407,-0.016539,0.040790,0.440618,0.896615,0.090255,-0.795190,0.938819
325,1.354167,0.041069,0.032348,-0.384298,-0.921728,-0.025775,-0.676227,0.027649,-0.004833,0.006643,-0.335056,-0.942162,0.217747,-0.868443,0.014420,-0.016715,0.040958,0.439998,0.896908,0.090911,-0.795379,0.938791
326,1.358333,0.043983,0.035046,-0.381442,-0.922681,-0.021819,-0.678550,0.027278,-0.004900,0.006661,-0.335028,-0.942172,0.217747,-0.868447,0.014419,-0.017086,0.040604,0.439324,0.897248,0.091588,-0.795544,0.938697
327,1.362500,0.046636,0.037167,-0.378857,-0.923532,-0.017928,-0.680828,0.026893,-0.005050,0.006656,-0.335061,-0.942159,0.217752,-0.868446,0.014418,-0.017152,0.039863,0.438714,0.897578,0.092230,-0.795688,0.938621
328,1.366667,0.049268,0.039039,-0.375803,-0.924565,-0.014147,-0.683043,0.026509,-0.005182,0.006724,-0.335028,-0.942170,0.217753,-0.868446,0.014417,-0.018320,0.039674,0.438465,0.897685,0.092970,-0.795757,0.938640
329,1.370833,0.051709,0.041204,-0.373181,-0.925400,-0.010412,-0.685191,0.026062,-0.005243,0.006690,-0.335012,-0.942176,0.217739,-0.868452,0.014412,-0.018601,0.039535,0.437949,0.897938,0.093674,-0.795882,0.938590
330,1.375000,0.054070,0.042995,-0.370682,-0.926187,-0.006765,-0.687271,0.025633,-0.005164,0.006629,-0.334973,-0.942190,0.217722,-0.868460,0.014407,-0.019208,0.039057,0.437419,0.898204,0.094357,-0.796004,0.938478
331,1.379167,0.055844,0.044295,-0.368351,-0.926951,-0.003262,-0.689256,0.025226,-0.005034,0.006552,-0.335057,-0.942162,0.217724,-0.868475,0.014407,-0.019785,0.038313,0.436806,0.898522,0.095034,-0.796091,0.938348
332,1.383333,0.057155,0.045068,-0.366175,-0.927695,0.000200,-0.691149,0.024789,-0.004726,0.006427,-0.335203,-0.942112,0.217734,-0.868515,0.014416,-0.019900,0.037644,0.436154,0.898864,0.095698,-0.796178,0.938242
333,1.387500,0.058279,0.045958,-0.363757,-0.928532,0.003516,-0.692935,0.024357,-0.004718,0.006491,-0.335195,-0.942115,0.217731,-0.868532,0.014409,-0.020301,0.037086,0.435750,0.899074,0.096401,-0.796267,0.938175
334,1.391667,0.058542,0.046704,-0.362015,-0.929159,0.006697,-0.694651,0.023950,-0.004762,0.006457,-0.335278,-0.942085,0.217738,-0.868545,0.014408,-0.021021,0.036473,0.435277,0.899312,0.097110,-0.796340,0.938049
335,1.395833,0.058366,0.046665,-0.360662,-0.929698,0.009700,-0.696206,0.023582,-0.004909,0.006471,-0.335290,-0.942080,0.217736,-0.868559,0.014409,-0.021306,0.036183,0.434687,0.899602,0.097801,-0.796447,0.937905
336,1.400000,0.057442,0.046025,-0.359611,-0.930195,0.012574,-0.697644,0.023142,-0.004989,0.006484,-0.335299,-0.942076,0.217739,-0.868574,0.014406,-0.021839,0.035435,0.434115,0.899895,0.098517,-0.796485,0.937746
337,1.404167,0.055864,0.044528,-0.359009,-0.930596,0.015228,-0.698978,0.022706,-0.005094,0.006504,-0.335322,-0.942067,0.217740,-0.868586,0.014402,-0.022343,0.034685,0.433674,0.900125,0.099193,-0.796481,0.937608
338,1.408333,0.054053,0.042923,-0.358947,-0.930802,0.017750,-0.700142,0.022219,-0.005187,0.006493,-0.335320,-0.942068,0.217739,-0.868600,0.014399,-0.022743,0.033979,0.433215,0.900362,0.099904,-0.796450,0.937464
339,1.412500,0.051797,0.040512,-0.359738,-0.930733,0.020017,-0.701238,0.021691,-0.005319,0.006491,-0.335321,-0.942067,0.217732,-0.868607,0.014387,-0.023019,0.033565,0.432676,0.900630,0.100612,-0.796477,0.937275
340,1.416667,0.049019,0.037315,-0.360890,-0.930571,0.022085,-0.702105,0.021136,-0.005466,0.006546,-0.335327,-0.942063,0.217731,-0.868617,0.014394,-0.022713,0.032844,0.432055,0.900963,0.101297,-0.796575,0.937030
341,1.420833,0.046084,0.033589,-0.363126,-0.929993,0.023992,-0.702836,0.020604,-0.005605,0.006568,-0.335304,-0.942070,0.217731,-0.868627,0.014394,-0.022831,0.032294,0.431586,0.901205,0.101978,-0.796587,0.936851
342,1.425000,0.042795,0.029633,-0.365834,-0.929223,0.025654,-0.703465,0.020028,-0.005578,0.006584,-0.335291,-0.942075,0.217741,-0.868640,0.014399,-0.023050,0.031783,0.431172,0.901415,0.102692,-0.796561,0.936741
343,1.429167,0.039338,0.025479,-0.369291,-0.928131,0.027064,-0.703882,0.019506,-0.005730,0.006596,-0.335289,-0.942075,0.217735,-0.868638,0.014389,-0.023203,0.031207,0.430694,0.901660,0.103375,-0.796529,0.936623
344,1.433333,0.034714,0.021139,-0.373272,-0.926831,0.028354,-0.704247,0.018931,-0.005766,0.006611,-0.335286,-0.942076,0.217728,-0.868637,0.014389,-0.023494,0.030614,0.430220,0.901899,0.104110,-0.796491,0.936512
345,1.437500,0.030048,0.016222,-0.377878,-0.925225,0.029456,-0.704427,0.018480,-0.005748,0.006582,-0.335285,-0.942076,0.217727,-0.868643,0.014391,-0.023824,0.029974,0.429796,0.902114,0.104840,-0.796454,0.936385
346,1.441667,0.024562,0.011462,-0.382952,-0.923371,0.030235,-0.704484,0.018133,-0.005798,0.006654,-0.335265,-0.942083,0.217714,-0.868644,0.014394,-0.024849,0.029426,0.429714,0.902143,0.105604,-0.796314,0.936389
347,1.445833,0.020849,0.009177,-0.388772,-0.921052,0.030900,-0.704537,0.017823,-0.005727,0.006663,-0.335235,-0.942094,0.217704,-0.868649,0.014392,-0.025056,0.028955,0.429168,0.902413,0.106312,-0.796288,0.936245
348,1.450000,0.018086,0.007436,-0.394643,-0.918627,0.031384,-0.704532,0.017604,-0.005794,0.006635,-0.335240,-0.942092,0.217701,-0.868637,0.014392,-0.025349,0.028738,0.428614,0.902675,0.107025,-0.796249,0.936110
349,1.454167,0.015917,0.006448,-0.399899,-0.916398,0.031795,-0.704532,0.017399,-0.005857,0.006618,-0.335300,-0.942070,0.217705,-0.868612,0.014378,-0.025185,0.027999,0.427935,0.903025,0.107714,-0.796271,0.935945
350,1.458333,0.014896,0.005946,-0.404319,-0.914477,0.032142,-0.704605,0.017214,-0.005750,0.006608,-0.335297,-0.942072,0.217696,-0.868617,0.014392,-0.025848,0.027631,0.427741,0.903109,0.108456,-0.796144,0.935916
351,1.462500,0.013950,0.004994,-0.408026,-0.912850,0.032498,-0.704769,0.017044,-0.005754,0.006644,-0.335287,-0.942075,0.217698,-0.868598,0.014387,-0.025762,0.027001,0.427339,0.903321,0.109144,-0.796077,0.935862
352,1.466667,0.012500,0.003698,-0.410952,-0.911564,0.032796,-0.704964,0.016903,-0.005900,0.006624,-0.335250,-0.942087,0.217688,-0.868585,0.014382,-0.025585,0.026857,0.426847,0.903563,0.109820,-0.796010,0.935787
353,1.470833,0.011093,0.002957,-0.413461,-0.910450,0.033066,-0.705221,0.016749,-0.005823,0.006629,-0.335253,-0.942087,0.217685,-0.868573,0.014384,-0.025684,0.026537,0.426369,0.903795,0.110490,-0.795935,0.935721
354,1.475000,0.009941,0.002490,-0.415539,-0.909518,0.033272,-0.705548,0.016663,-0.005777,0.006622,-0.335255,-0.942086,0.217682,-0.868562,0.014387,-0.025696,0.026240,0.425983,0.903985,0.111178,-0.795872,0.935663
355,1.479167,0.009039,0.002066,-0.417214,-0.908761,0.033363,-0.705877,0.016591,-0.005705,0.006622,-0.335302,-0.942070,0.217672,-0.868545,0.014398,-0.025453,0.025901,0.425544,0.904209,0.111832,-0.795814,0.935590
356,1.483333,0.008770,0.002018,-0.418520,-0.908163,0.033330,-0.706138,0.016519,-0.005702,0.006640,-0.335293,-0.942073,0.217664,-0.868530,0.014393,-0.025300,0.025500,0.425139,0.904415,0.112489,-0.795733,0.935564
357,1.487500,0.008687,0.002052,-0.419629,-0.907652,0.033238,-0.706310,0.016437,-0.005699,0.006617,-0.335297,-0.942072,0.217655,-0.868515,0.014399,-0.025152,0.025357,0.424815,0.904575,0.113117,-0.795687,0.935517
358,1.491667,0.008806,0.002083,-0.420609,-0.907197,0.033095,-0.706385,0.016360,-0.005615,0.006603,-0.335288,-0.942076,0.217648,-0.868505,0.014397,-0.024976,0.025079,0.424559,0.904708,0.113715,-0.795622,0.935513
359,1.495833,0.008799,0.002185,-0.421212,-0.906917,0.032936,-0.706398,0.016300,-0.005604,0.006602,-0.335302,-0.942071,0.217633,-0.868483,0.014394,-0.024713,0.024870,0.424244,0.904869,0.114331,-0.795567,0.935460
360,1.500000,0.008617,0.002180,-0.421398,-0.906832,0.032815,-0.706363,0.016244,-0.005474,0.006617,-0.335304,-0.942071,0.217637,-0.868478,0.014409,-0.024381,0.024680,0.423920,0.905035,0.114934,-0.795509,0.935459
361,1.504167,0.008843,0.002346,-0.421307,-0.906872,0.032720,-0.706318,0.016203,-0.005497,0.006590,-0.335303,-0.942071,0.217616,-0.868456,0.014409,-0.024090,0.024711,0.423579,0.905202,0.115511,-0.795426,0.935453
362,1.508333,0.009664,0.002978,-0.420881,-0.907060,0.032627,-0.706236,0.016122,-0.005485,0.006589,-0.335274,-0.942082,0.217614,-0.868443,0.014415,-0.023893,0.024520,0.423300,0.905343,0.116058,-0.795352,0.935491
363,1.512500,0.010851,0.003776,-0.420324,-0.907301,0.032514,-0.706154,0.016047,-0.005309,0.006594,-0.335356,-0.942054,0.217644,-0.868442,0.014460,-0.023614,0.024305,0.423013,0.905490,0.116567,-0.795297,0.935492
364,1.516667,0.012173,0.004777,-0.419830,-0.907509,0.032357,-0.706076,0.015968,-0.005407,0.006602,-0.335244,-0.942093,0.217587,-0.868412,0.014427,-0.023453,0.024173,0.422822,0.905587,0.117066,-0.795235,0.935516
365,1.520833,0.012887,0.005606,-0.419734,-0.907539,0.032165,-0.705959,0.015854,-0.005255,0.006582,-0.335227,-0.942100,0.217575,-0.868395,0.014425,-0.023204,0.023931,0.422600,0.905703,0.117593,-0.795141,0.935553
366,1.525000,0.014658,0.006854,-0.419210,-0.907745,0.031894,-0.705940,0.015830,-0.005177,0.006566,-0.335312,-0.942070,0.217616,-0.868381,0.014470,-0.023030,0.023653,0.422429,0.905795,0.118137,-0.795037,0.935584
367,1.529167,0.016155,0.008017,-0.418760,-0.907918,0.031622,-0.705888,0.015780,-0.005197,0.006593,-0.335171,-0.942120,0.217550,-0.868349,0.014440,-0.022724,0.023131,0.422221,0.905913,0.118646,-0.794985,0.935610
368,1.533333,0.017609,0.009163,-0.418250,-0.908115,0.031370,-0.705812,0.015721,-0.005077,0.006571,-0.335140,-0.942132,0.217546,-0.868332,0.014433,-0.022418,0.023029,0.422012,0.906021,0.119104,-0.794892,0.935624
369,1.537500,0.019341,0.010329,-0.417573,-0.908379,0.031106,-0.705735,0.015623,-0.004766,0.006574,-0.335190,-0.942116,0.217570,-0.868345,0.014494,-0.022240,0.022849,0.421889,0.906087,0.119525,-0.794788,0.935674
370,1.541667,0.021041,0.011362,-0.416849,-0.908661,0.030832,-0.705626,0.015521,-0.004645,0.006608,-0.335138,-0.942134,0.217564,-0.868345,0.014518,-0.022022,0.022501,0.421945,0.906074,0.119956,-0.794708,0.935703
371,1.545833,0.023056,0.012786,-0.416136,-0.908920,0.030560,-0.705486,0.015398,-0.004656,0.006612,-0.335060,-0.942162,0.217501,-0.868302,0.014479,-0.022123,0.022328,0.422070,0.906018,0.120377,-0.794522,0.935802
372,1.550000,0.024850,0.013966,-0.415440,-0.909174,0.030307,-0.705370,0.015291,-0.004599,0.006550,-0.335058,-0.942164,0.217479,-0.868265,0.014470,-0.021927,0.022103,0.421984,0.906068,0.120763,-0.794396,0.935823
373,1.554167,0.026319,0.015063,-0.414888,-0.909367,0.030088,-0.705242,0.015205,-0.004430,0.006559,-0.335065,-0.942162,0.217468,-0.868240,0.014474,-0.021810,0.021701,0.421912,0.906115,0.121140,-0.794259,0.935846
374,1.558333,0.027401,0.015999,-0.414526,-0.909484,0.029908,-0.705137,0.015130,-0.004307,0.006546,-0.335021,-0.942178,0.217450,-0.868226,0.014475,-0.021672,0.021403,0.421777,0.906188,0.121506,-0.794110,0.935849
375,1.562500,0.028340,0.016812,-0.414278,-0.909553,0.029762,-0.705051,0.015055,-0.004146,0.006559,-0.335002,-0.942185,0.217436,-0.868197,0.014488,-0.021147,0.021317,0.421427,0.906365,0.121829,-0.794049,0.935804
376,1.566667,0.028888,0.017330,-0.414167,-0.909577,0.029665,-0.704986,0.014997,-0.003961,0.006598,-0.334950,-0.942205,0.217419,-0.868173,0.014486,-0.020839,0.021099,0.421330,0.906422,0.122130,-0.793920,0.935798
377,1.570833,0.029431,0.017803,-0.414056,-0.909601,0.029591,-0.704974,0.014962,-0.003902,0.006597,-0.334929,-0.942212,0.217400,-0.868143,0.014483,-0.020637,0.020977,0.421336,0.906427,0.122433,-0.793756,0.935812
378,1.575000,0.029459,0.017906,-0.414051,-0.909601,0.029560,-0.704992,0.014931,-0.003602,0.006616,-0.334911,-0.942220,0.217395,-0.868126,0.014491,-0.020330,0.020797,0.421331,0.906440,0.122714,-0.793578,0.935831
379,1.579167,0.029105,0.017745,-0.414190,-0.909552,0.029558,-0.705022,0.014919,-0.003523,0.006652,-0.334850,-0.942242,0.217372,-0.868098,0.014490,-0.020040,0.020677,0.421322,0.906454,0.122983,-0.793387,0.935836
380,1.583333,0.028605,0.017512,-0.414412,-0.909471,0.029600,-0.705059,0.014924,-0.003738,0.006456,-0.334322,-0.942429,0.217304,-0.868167,0.014441,-0.019807,0.020568,0.421309,0.906468,0.123223,-0.793193,0.935822
381,1.587500,0.027853,0.017120,-0.414738,-0.909353,0.029638,-0.705098,0.014918,-0.003704,0.006423,-0.334260,-0.942452,0.217279,-0.868144,0.014431,-0.019510,0.020502,0.421252,0.906502,0.123440,-0.792992,0.935841
382,1.591667,0.027122,0.016763,-0.415085,-0.909224,0.029689,-0.705133,0.014911,-0.003496,0.006448,-0.334224,-0.942465,0.217271,-0.868131,0.014432,-0.019508,0.020036,0.421468,0.906412,0.123689,-0.792672,0.935871
383,1.595833,0.026279,0.016262,-0.415430,-0.909100,0.029750,-0.705184,0.014906,-0.003373,0.006464,-0.334170,-0.942484,0.217254,-0.868111,0.014426,-0.019314,0.019768,0.421464,0.906424,0.123888,-0.792439,0.935859
384,1.600000,0.025235,0.015686,-0.415819,-0.908962,0.029824,-0.705230,0.014899,-0.003105,0.006527,-0.334160,-0.942489,0.217243,-0.868094,0.014437,-0.019094,0.019517,0.421452,0.906440,0.124050,-0.792202,0.935853
385,1.604167,0.024241,0.015112,-0.416222,-0.908814,0.029902,-0.705295,0.014900,-0.003010,0.006506,-0.334095,-0.942512,0.217233,-0.868074,0.014441,-0.018719,0.019737,0.421180,0.906569,0.124185,-0.792051,0.935777
386,1.608333,0.023232,0.014534,-0.416616,-0.908669,0.029990,-0.705369,0.014888,0.001113,0.007186,-0.333063,-0.942877,0.217015,-0.868211,0.014701,-0.018485,0.019694,0.421120,0.906603,0.124320,-0.791831,0.935725
387,1.612500,0.022222,0.013984,-0.416973,-0.908540,0.030068,-0.705450,0.014882,0.001871,0.007381,-0.332949,-0.942914,0.217005,-0.868210,0.014744,-0.018271,0.019637,0.421094,0.906620,0.124447,-0.791561,0.935700
388,1.616667,0.021347,0.013541,-0.417300,-0.908417,0.030154,-0.705517,0.014884,0.002896,0.007660,-0.333070,-0.942867,0.217030,-0.868203,0.014801,-0.018097,0.019527,0.421056,0.906644,0.124576,-0.791294,0.935670
389,1.620833,0.020441,0.013061,-0.417650,-0.908284,0.030235,-0.705579,0.014873,0.004041,0.008020,-0.333298,-0.942779,0.217071,-0.868179,0.014872,-0.017893,0.019389,0.421057,0.906650,0.124716,-0.791028,0.935640
390,1.625000,0.019504,0.012527,-0.418004,-0.908149,0.030303,-0.705636,0.014859,0.004857,0.008256,-0.333587,-0.942671,0.217118,-0.868140,0.014923,-0.017766,0.019225,0.421049,0.906660,0.124842,-0.790769,0.935583
391,1.629167,0.018536,0.011921,-0.418334,-0.908026,0.030360,-0.705694,0.014837,0.005251,0.008432,-0.333722,-0.942619,0.217154,-0.868107,0.014957,-0.017865,0.018616,0.421275,0.906566,0.124974,-0.790416,0.935618
392,1.633333,0.017828,0.011588,-0.418561,-0.907940,0.030414,-0.705753,0.014817,0.005455,0.008517,-0.333821,-0.942582,0.217162,-0.868082,0.014972,-0.017870,0.018389,0.421187,0.906611,0.125087,-0.790146,0.935569
393,1.637500,0.017311,0.011322,-0.418734,-0.907873,0.030461,-0.705800,0.014804,0.005623,0.008565,-0.333796,-0.942590,0.217156,-0.868077,0.014976,-0.017769,0.018546,0.420868,0.906758,0.125173,-0.789944,0.935470
394,1.641667,0.016936,0.011153,-0.418847,-0.907830,0.030507,-0.705845,0.014787,0.005679,0.008521,-0.333702,-0.942623,0.217135,-0.868066,0.014968,-0.017848,0.018366,0.420761,0.906810,0.125264,-0.789669,0.935394
395,1.645833,0.016542,0.011019,-0.418908,-0.907811,0.030537,-0.705882,0.014758,0.005538,0.008467,-0.333539,-0.942682,0.217101,-0.868065,0.014951,-0.017824,0.018108,0.420676,0.906855,0.125341,-0.789398,0.935368
396,1.650000,0.016424,0.010945,-0.418842,-0.907845,0.030571,-0.705892,0.014733,0.005411,0.008351,-0.333376,-0.942741,0.217071,-0.868072,0.014931,-0.017326,0.017679,0.420707,0.906859,0.125399,-0.789127,0.935348
397,1.654167,0.016217,0.010861,-0.418852,-0.907845,0.030564,-0.705911,0.014713,0.005177,0.008280,-0.333175,-0.942814,0.217036,-0.868075,0.014905,-0.016839,0.016735,0.420602,0.906934,0.125405,-0.788874,0.935485
398,1.658333,0.016101,0.010861,-0.418859,-0.907844,0.030554,-0.705921,0.014695,0.005014,0.008227,-0.333024,-0.942869,0.217007,-0.868072,0.014889,-0.016656,0.016245,0.420478,0.907005,0.125447,-0.788614,0.935497
399,1.662500,0.016079,0.010902,-0.418869,-0.907839,0.030530,-0.705937,0.014674,0.004936,0.008155,-0.332881,-0.942921,0.216980,-0.868068,0.014882,-0.016564,0.015930,0.420357,0.907067,0.125522,-0.788339,0.935486
400,1.666667,0.016121,0.011016,-0.418809,-0.907864,0.030514,-0.705947,0.014650,0.004882,0.008140,-0.332794,-0.942952,0.216962,-0.868058,0.014871,-0.016647,0.015503,0.420380,0.907063,0.125607,-0.787969,0.935505
401,1.670833,0.016209,0.011149,-0.418777,-0.907876,0.030500,-0.705949,0.014632,0.004925,0.008136,-0.332758,-0.942965,0.216954,-0.868050,0.014865,-0.016663,0.015410,0.420203,0.907146,0.125684,-0.787697,0.935464
402,1.675000,0.016411,0.011370,-0.418658,-0.907925,0.030478,-0.705949,0.014623,0.005063,0.008187,-0.332713,-0.942979,0.216946,-0.868031,0.014873,-0.016649,0.015389,0.419817,0.907326,0.125742,-0.787518,0.935407
403,1.679167,0.016593,0.011554,-0.418607,-0.907942,0.030448,-0.705961,0.014611,0.005308,0.008197,-0.332703,-0.942981,0.216936,-0.868019,0.014880,-0.016618,0.015316,0.419611,0.907423,0.125809,-0.787270,0.935356
404,1.683333,0.016687,0.011650,-0.418546,-0.907968,0.030427,-0.705949,0.014597,0.005477,0.008241,-0.332690,-0.942984,0.216941,-0.868004,0.014883,-0.016633,0.015072,0.419422,0.907514,0.125879,-0.787014,0.935338
405,1.687500,0.016769,0.011771,-0.418563,-0.907957,0.030397,-0.705945,0.014579,0.005669,0.008303,-0.332661,-0.942993,0.216940,-0.867993,0.014894,-0.016571,0.014864,0.419210,0.907616,0.125956,-0.786759,0.935322
406,1.691667,0.016927,0.011930,-0.418577,-0.907945,0.030371,-0.705934,0.014562,0.005870,0.008354,-0.332672,-0.942987,0.216948,-0.867974,0.014899,-0.016351,0.014024,0.418885,0.907784,0.126029,-0.786512,0.935455
407,1.695833,0.017013,0.011948,-0.418544,-0.907959,0.030341,-0.705931,0.014548,0.006084,0.008386,-0.332642,-0.942996,0.216938,-0.867958,0.014904,-0.016253,0.013478,0.418617,0.907918,0.126070,-0.786275,0.935504
408,1.700000,0.017096,0.012003,-0.418526,-0.907965,0.030324,-0.705929,0.014542,0.006277,0.008438,-0.332647,-0.942993,0.216936,-0.867942,0.014914,-0.016193,0.013135,0.418409,0.908020,0.126099,-0.786053,0.935538
409,1.704167,0.017213,0.012106,-0.418513,-0.907967,0.030317,-0.705930,0.014529,0.006433,0.008477,-0.332573,-0.943017,0.216933,-0.867928,0.014916,-0.016137,0.012989,0.418195,0.908121,0.126139,-0.785830,0.935546
410,1.708333,0.017362,0.012202,-0.418511,-0.907964,0.030313,-0.705929,0.014521,0.006628,0.008516,-0.332533,-0.943030,0.216922,-0.867912,0.014912,-0.016066,0.012686,0.418238,0.908107,0.126222,-0.785489,0.935571
411,1.712500,0.017423,0.012236,-0.418512,-0.907962,0.030302,-0.705935,0.014519,0.006677,0.008475,-0.332471,-0.943052,0.216906,-0.867894,0.014907,-0.016027,0.012725,0.418053,0.908192,0.126270,-0.785259,0.935545
412,1.716667,0.017399,0.012203,-0.418568,-0.907937,0.030295,-0.705929,0.014505,0.006740,0.008729,-0.332633,-0.942992,0.216897,-0.867846,0.014930,-0.015978,0.012762,0.417879,0.908273,0.126317,-0.785037,0.935532
413,1.720833,0.017388,0.012183,-0.418615,-0.907916,0.030284,-0.705927,0.014498,0.006784,0.009043,-0.332874,-0.942904,0.216889,-0.867784,0.014959,-0.015979,0.012903,0.417476,0.908456,0.126329,-0.784930,0.935499
414,1.725000,0.017330,0.012122,-0.418629,-0.907911,0.030283,-0.705928,0.014486,0.006871,0.009173,-0.333042,-0.942842,0.216883,-0.867747,0.014971,-0.015977,0.012997,0.417280,0.908545,0.126340,-0.784755,0.935470
415,1.729167,0.017378,0.012099,-0.418645,-0.907903,0.030281,-0.705934,0.014484,0.007155,0.009203,-0.333029,-0.942844,0.216879,-0.867726,0.014971,-0.016431,0.013423,0.416967,0.908674,0.126390,-0.784554,0.935401
416,1.733333,0.017340,0.012097,-0.418677,-0.907889,0.030273,-0.705936,0.014477,0.007386,0.009247,-0.332988,-0.942857,0.216875,-0.867712,0.014975,-0.016338,0.013381,0.416695,0.908801,0.126370,-0.784340,0.935421
417,1.737500,0.017314,0.012066,-0.418693,-0.907882,0.030280,-0.705944,0.014473,0.007617,0.009305,-0.332898,-0.942886,0.216872,-0.867666,0.014971,-0.016323,0.013200,0.416501,0.908893,0.126352,-0.784152,0.935426
418,1.741667,0.017318,0.012036,-0.418708,-0.907876,0.030281,-0.705947,0.014469,0.007898,0.009325,-0.332868,-0.942894,0.216867,-0.867654,0.014978,-0.016262,0.012996,0.416354,0.908964,0.126344,-0.783976,0.935438
419,1.745833,0.017299,0.012004,-0.418753,-0.907856,0.030276,-0.705949,0.014459,0.008172,0.009396,-0.332821,-0.942908,0.216860,-0.867640,0.014979,-0.016216,0.012815,0.416206,0.909035,0.126322,-0.783794,0.935446
420,1.750000,0.017222,0.011945,-0.418794,-0.907839,0.030277,-0.705944,0.014449,0.008298,0.009408,-0.332813,-0.942910,0.216858,-0.867624,0.014977,-0.016194,0.012711,0.416034,0.909116,0.126293,-0.783624,0.935441
421,1.754167,0.017224,0.011897,-0.418840,-0.907819,0.030275,-0.705943,0.014439,0.008463,0.009451,-0.332817,-0.942906,0.216848,-0.867603,0.014972,-0.016253,0.012647,0.415860,0.909196,0.126257,-0.783436,0.935421
422,1.758333,0.017168,0.011823,-0.418832,-0.907825,0.030265,-0.705945,0.014437,0.008656,0.009459,-0.332793,-0.942913,0.216839,-0.867592,0.014976,-0.016293,0.012532,0.415700,0.909269,0.126217,-0.783254,0.935406
423,1.762500,0.017278,0.011894,-0.418843,-0.907816,0.030267,-0.705943,0.014439,0.008835,0.009447,-0.332733,-0.942932,0.216825,-0.867578,0.014968,-0.016363,0.012444,0.415566,0.909331,0.126176,-0.783067,0.935374
424,1.766667,0.017321,0.011892,-0.418843,-0.907815,0.030267,-0.705946,0.014434,0.008958,0.009459,-0.332700,-0.942943,0.216813,-0.867563,0.014960,-0.016373,0.012362,0.415455,0.909382,0.126124,-0.782887,0.935355
425,1.770833,0.017307,0.011855,-0.418843,-0.907816,0.030266,-0.705940,0.014429,0.009113,0.009467,-0.332669,-0.942952,0.216810,-0.867554,0.014966,-0.016576,0.011973,0.415657,0.909292,0.126142,-0.782558,0.935377
426,1.775000,0.017388,0.011883,-0.418885,-0.907795,0.030263,-0.705935,0.014423,0.009261,0.009475,-0.332659,-0.942954,0.216794,-0.867538,0.014955,-0.016537,0.011925,0.415506,0.909362,0.126075,-0.782364,0.935372
427,1.779167,0.017415,0.011840,-0.418882,-0.907797,0.030257,-0.705932,0.014420,0.009354,0.009511,-0.332600,-0.942974,0.216787,-0.867517,0.014951,-0.016563,0.011797,0.415425,0.909400,0.126024,-0.782183,0.935344
428,1.783333,0.017449,0.011849,-0.418886,-0.907794,0.030249,-0.705930,0.014413,0.009515,0.009522,-0.332530,-0.942996,0.216781,-0.867502,0.014950,-0.016607,0.011620,0.415410,0.909409,0.125964,-0.782000,0.935323
429,1.787500,0.017485,0.011844,-0.418897,-0.907788,0.030249,-0.705923,0.014406,0.009731,0.009559,-0.332469,-0.943016,0.216763,-0.867480,0.014952,-0.016578,0.011542,0.415321,0.909451,0.125897,-0.781837,0.935286
430,1.791667,0.017513,0.011832,-0.418889,-0.907791,0.030248,-0.705921,0.014403,0.009881,0.009572,-0.332390,-0.943042,0.216752,-0.867467,0.014944,-0.016424,0.011701,0.414896,0.909645,0.125755,-0.781796,0.935209
431,1.795833,0.017542,0.011856,-0.418919,-0.907777,0.030246,-0.705914,0.014397,0.010095,0.009603,-0.332327,-0.943061,0.216742,-0.867451,0.014940,-0.016376,0.011546,0.414731,0.909723,0.125637,-0.781642,0.935175
432,1.800000,0.017538,0.011792,-0.418925,-0.907775,0.030244,-0.705912,0.014392,0.010317,0.009660,-0.332253,-0.943085,0.216736,-0.867433,0.014943,-0.016324,0.011397,0.414657,0.909760,0.125533,-0.781462,0.935156
433,1.804167,0.017553,0.011768,-0.418937,-0.907770,0.030240,-0.705910,0.014383,0.010540,0.009632,-0.332138,-0.943123,0.216711,-0.867413,0.014935,-0.016281,0.011135,0.414576,0.909801,0.125416,-0.781286,0.935148
434,1.808333,0.017540,0.011727,-0.418957,-0.907761,0.030239,-0.705905,0.014376,0.010846,0.009702,-0.332088,-0.943136,0.216702,-0.867390,0.014939,-0.016209,0.010929,0.414512,0.909834,0.125299,-0.781102,0.935129
435,1.812500,0.017538,0.011686,-0.418996,-0.907743,0.030254,-0.705902,0.014372,0.011084,0.009401,-0.331635,-0.943296,0.216689,-0.867411,0.014896,-0.016105,0.010702,0.414449,0.909867,0.125167,-0.780915,0.935123
436,1.816667,0.017523,0.011650,-0.419035,-0.907726,0.030252,-0.705900,0.014367,0.011254,0.009274,-0.331498,-0.943343,0.216664,-0.867397,0.014873,-0.016061,0.010530,0.414366,0.909908,0.125051,-0.780738,0.935108
437,1.820833,0.017462,0.011600,-0.419071,-0.907712,0.030247,-0.705896,0.014365,0.011421,0.009273,-0.331396,-0.943377,0.216642,-0.867376,0.014860,-0.016043,0.010390,0.414304,0.909938,0.124947,-0.780561,0.935079
438,1.825000,0.017449,0.011554,-0.419138,-0.907681,0.030254,-0.705896,0.014352,0.011701,0.009294,-0.331283,-0.943413,0.216614,-0.867357,0.014855,-0.016003,0.010269,0.414302,0.909941,0.124839,-0.780389,0.935062
439,1.829167,0.017376,0.011478,-0.419150,-0.907678,0.030251,-0.705895,0.014350,0.011866,0.009389,-0.331182,-0.943446,0.216591,-0.867327,0.014851,-0.015989,0.010145,0.414250,0.909966,0.124727,-0.780211,0.935053
440,1.833333,0.017378,0.011425,-0.419171,-0.907669,0.030252,-0.705898,0.014350,0.012025,0.009453,-0.331087,-0.943476,0.216566,-0.867304,0.014841,-0.015942,0.009953,0.414226,0.909980,0.124585,-0.780052,0.935063
441,1.837500,0.017342,0.011392,-0.419214,-0.907650,0.030267,-0.705900,0.014339,0.012303,0.009505,-0.331054,-0.943484,0.216552,-0.867284,0.014836,-0.015873,0.009755,0.414230,0.909981,0.124452,-0.779896,0.935067
