time_s,frame,position_error_m,x_error_m,y_error_m,velocity_error_ms,heading_error_deg,gait
0.3771,1,0.0,0.0,0.0,0.0549,2.356,jog
0.3827,2,0.0005,-0.0002,-0.0005,0.0607,2.328,jog
0.3856,3,0.0008,-0.0004,-0.0007,0.0535,2.318,jog
0.3906,4,0.0011,-0.0005,-0.0009,0.052,2.308,jog
0.3935,5,0.0014,-0.0007,-0.0012,0.0511,2.269,jog
0.3961,6,0.0015,-0.0008,-0.0012,0.0511,2.262,jog
0.3992,7,0.0017,-0.0008,-0.0015,0.053,2.24,jog
0.4042,8,0.002,-0.0009,-0.0018,0.0541,2.207,jog
0.4049,9,0.002,-0.0009,-0.0018,0.0541,2.203,jog
0.4086,10,0.0022,-0.0009,-0.002,0.0503,2.184,jog
0.4109,11,0.0025,-0.0009,-0.0023,0.0505,2.168,jog
0.413,12,0.0025,-0.0009,-0.0023,0.0505,2.165,jog
0.4159,13,0.0027,-0.001,-0.0026,0.0525,2.144,jog
0.4189,14,0.003,-0.001,-0.0028,0.0519,2.122,jog
0.4206,15,0.003,-0.001,-0.0028,0.0519,2.122,jog
0.424,16,0.0033,-0.001,-0.0031,0.0659,2.077,jog
0.4291,17,0.0035,-0.001,-0.0033,0.0525,2.047,jog
0.4296,18,0.0035,-0.0011,-0.0034,0.0525,2.048,jog
0.4333,19,0.0037,-0.0011,-0.0036,0.0507,2.01,jog
0.4377,20,0.004,-0.0012,-0.0038,0.0626,1.957,jog
0.4382,21,0.004,-0.0012,-0.0038,0.0626,1.957,jog
0.4411,22,0.0042,-0.0013,-0.004,0.0576,1.91,jog
0.4431,23,0.0044,-0.0014,-0.0042,0.0515,1.869,jog
0.4451,24,0.0044,-0.0014,-0.0042,0.0515,1.869,jog
0.4478,25,0.0046,-0.0015,-0.0044,0.0594,1.821,jog
0.4496,26,0.0046,-0.0015,-0.0044,0.0594,1.821,jog
0.453,27,0.0049,-0.0016,-0.0046,0.0599,1.759,jog
0.454,28,0.0049,-0.0016,-0.0046,0.0599,1.759,jog
0.4589,29,0.0051,-0.0017,-0.0048,0.0534,1.706,jog
0.4616,30,0.0054,-0.0018,-0.0051,0.059,1.649,jog
0.4659,31,0.0056,-0.0019,-0.0053,0.0633,1.578,jog
0.4667,32,0.0056,-0.0019,-0.0053,0.0633,1.578,jog
0.4705,33,0.0059,-0.002,-0.0055,0.0567,1.524,jog
0.4709,34,0.0059,-0.002,-0.0055,0.0567,1.524,jog
0.4752,35,0.0061,-0.0021,-0.0058,0.0608,1.459,jog
0.477,36,0.0064,-0.0022,-0.006,0.064,1.391,jog
0.4787,37,0.0064,-0.0022,-0.006,0.064,1.391,jog
0.4809,38,0.0067,-0.0023,-0.0062,0.0622,1.33,jog
0.4838,39,0.0067,-0.0023,-0.0062,0.0622,1.33,jog
0.4906,40,0.0073,-0.0026,-0.0068,0.067,1.188,jog
0.4941,41,0.0076,-0.0028,-0.007,0.0696,1.117,jog
0.4964,42,0.0076,-0.0028,-0.007,0.0696,1.117,jog
0.4993,43,0.0079,-0.0029,-0.0073,0.0719,1.043,jog
0.5038,44,0.0081,-0.003,-0.0076,0.0676,0.978,jog
0.5048,45,0.0081,-0.003,-0.0076,0.0676,0.979,jog
0.5079,46,0.0085,-0.0032,-0.0079,0.0795,0.896,jog
0.5122,47,0.0088,-0.0033,-0.0081,0.0699,0.831,jog
0.5151,48,0.0091,-0.0035,-0.0084,0.0735,0.76,jog
0.5167,49,0.0091,-0.0035,-0.0084,0.0735,0.76,jog
0.5209,50,0.0094,-0.0036,-0.0087,0.0797,0.679,jog
0.5233,51,0.0097,-0.0038,-0.009,0.0727,0.61,jog
0.5273,52,0.0101,-0.0039,-0.0093,0.083,0.519,jog
0.5297,53,0.0101,-0.0039,-0.0093,0.083,0.519,jog
0.5329,54,0.0104,-0.004,-0.0095,0.0755,0.456,jog
0.5355,55,0.0107,-0.0042,-0.0099,0.0903,0.367,jog
0.5395,56,0.0111,-0.0043,-0.0102,0.0761,0.305,jog
0.5433,57,0.0111,-0.0043,-0.0102,0.0761,0.306,jog
0.5476,58,0.0118,-0.0046,-0.0109,0.0843,0.16,jog
0.5497,59,0.0118,-0.0046,-0.0109,0.0843,0.16,jog
0.5529,60,0.0122,-0.0048,-0.0112,0.0952,0.078,jog
0.555,61,0.0122,-0.0048,-0.0112,0.0952,0.078,jog
0.5587,62,0.0125,-0.0049,-0.0115,0.0793,0.016,jog
0.5613,63,0.0129,-0.005,-0.0119,0.0856,0.047,jog
0.5654,64,0.0133,-0.0052,-0.0122,0.0944,0.122,jog
0.5656,65,0.0133,-0.0052,-0.0122,0.0944,0.122,jog
0.5683,66,0.0136,-0.0053,-0.0126,0.0894,0.177,jog
0.5702,67,0.0136,-0.0053,-0.0126,0.0894,0.176,jog
0.5767,68,0.0144,-0.0055,-0.0133,0.0889,0.297,jog
0.579,69,0.0144,-0.0055,-0.0133,0.0889,0.296,jog
0.5818,70,0.0148,-0.0056,-0.0137,0.1054,0.37,jog
0.5841,71,0.0148,-0.0056,-0.0137,0.1054,0.369,jog
0.5924,72,0.0157,-0.0058,-0.0146,0.1099,0.482,jog
0.5968,73,0.0161,-0.0059,-0.015,0.0995,0.517,jog
0.6002,74,0.0165,-0.0059,-0.0154,0.1109,0.585,jog
0.6043,75,0.0169,-0.006,-0.0158,0.1016,0.621,jog
0.605,76,0.0169,-0.006,-0.0158,0.1016,0.621,jog
0.6096,77,0.0174,-0.0061,-0.0163,0.1155,0.687,jog
0.6133,78,0.0178,-0.0061,-0.0167,0.1028,0.723,jog
0.6167,79,0.0183,-0.0062,-0.0172,0.1168,0.787,jog
0.6213,80,0.0188,-0.0063,-0.0177,0.1186,0.847,jog
0.6244,81,0.0192,-0.0063,-0.0181,0.1094,0.891,jog
0.6357,82,0.0206,-0.0066,-0.0195,0.1221,1.11,jog
0.6384,83,0.0206,-0.0066,-0.0195,0.1221,1.11,jog
0.6406,84,0.0211,-0.0067,-0.02,0.1081,1.172,jog
0.645,85,0.0216,-0.0068,-0.0205,0.1329,1.264,jog
0.6477,86,0.0216,-0.0068,-0.0205,0.1329,1.264,jog
0.6502,87,0.0221,-0.0069,-0.021,0.1214,1.31,jog
0.6663,88,0.0243,-0.0071,-0.0233,0.1422,1.493,jog
0.667,89,0.0243,-0.0072,-0.0233,0.1422,1.494,jog
0.6745,90,0.0249,-0.0072,-0.0238,0.1404,1.514,jog
0.6813,91,0.0261,-0.0073,-0.025,0.1438,1.566,jog
0.6834,92,0.0267,-0.0074,-0.0256,0.1474,1.603,jog
0.6861,93,0.0273,-0.0077,-0.0262,0.1429,1.617,jog
0.6918,94,0.0279,-0.0077,-0.0268,0.1439,1.654,jog
0.6922,95,0.0279,-0.0078,-0.0268,0.1439,1.651,jog
0.696,96,0.0286,-0.0078,-0.0275,0.1555,1.684,jog
0.7002,97,0.0292,-0.0077,-0.0281,0.1545,1.711,jog
0.7015,98,0.0298,-0.0076,-0.0288,0.1618,1.74,jog
0.704,99,0.0298,-0.0076,-0.0288,0.1618,1.733,jog
0.7073,100,0.0303,-0.0075,-0.0294,0.1516,1.742,jog
0.7102,101,0.031,-0.0074,-0.0301,0.1594,1.778,jog
0.7129,102,0.031,-0.0074,-0.0301,0.1594,1.77,jog
0.716,103,0.0316,-0.0073,-0.0308,0.1679,1.81,jog
0.719,104,0.0322,-0.0071,-0.0314,0.1636,1.831,jog
0.7227,105,0.0329,-0.007,-0.0321,0.1747,1.856,jog
0.7248,106,0.0329,-0.007,-0.0321,0.1747,1.855,jog
0.7285,107,0.0336,-0.0068,-0.0329,0.1809,1.879,jog
0.729,108,0.0336,-0.0068,-0.0329,0.1809,1.878,jog
0.7328,109,0.0342,-0.0067,-0.0335,0.1662,1.896,jog
0.7354,110,0.0349,-0.0066,-0.0342,0.1724,1.935,jog
0.7374,111,0.0349,-0.0066,-0.0342,0.1724,1.935,jog
0.7413,112,0.0356,-0.0065,-0.035,0.1772,1.946,jog
0.7441,113,0.0363,-0.0063,-0.0357,0.1862,1.97,jog
0.7458,114,0.0363,-0.0063,-0.0357,0.1862,1.97,jog
0.7489,115,0.037,-0.0062,-0.0365,0.1921,1.994,jog
0.7507,116,0.037,-0.0062,-0.0365,0.1921,1.994,jog
0.7539,117,0.0377,-0.0059,-0.0372,0.1834,2.005,jog
0.7576,118,0.0384,-0.0057,-0.0379,0.1802,2.035,jog
0.7605,119,0.0391,-0.0055,-0.0387,0.1964,2.06,jog
0.7673,120,0.0399,-0.0053,-0.0395,0.2019,2.069,jog
0.7692,121,0.0407,-0.0051,-0.0403,0.2005,2.09,jog
0.7711,122,0.0406,-0.0051,-0.0403,0.2005,2.09,jog
0.775,123,0.0414,-0.0049,-0.0411,0.2022,2.116,jog
0.7779,124,0.0422,-0.0046,-0.042,0.2069,2.138,jog
0.7799,125,0.0422,-0.0046,-0.0419,0.2069,2.138,jog
0.7829,126,0.043,-0.0043,-0.0427,0.2037,2.139,jog
0.7849,127,0.0437,-0.004,-0.0436,0.2101,2.162,jog
0.7876,128,0.0437,-0.0041,-0.0436,0.2101,2.162,jog
0.7917,129,0.0445,-0.0037,-0.0444,0.2112,2.172,jog
0.7943,130,0.0453,-0.0034,-0.0452,0.218,2.169,jog
0.7962,131,0.0453,-0.0034,-0.0452,0.218,2.169,jog
0.7997,132,0.0462,-0.0031,-0.0461,0.2207,2.188,jog
0.8037,133,0.047,-0.0028,-0.0469,0.2259,2.187,jog
0.8059,134,0.047,-0.0028,-0.0469,0.2259,2.187,jog
0.8113,135,0.0487,-0.0017,-0.0487,0.2889,2.042,jog
0.8146,136,0.0496,-0.0013,-0.0495,0.2233,2.058,jog
0.8181,137,0.0504,-0.0009,-0.0504,0.2335,2.062,jog
0.8209,138,0.0504,-0.0009,-0.0504,0.2335,2.062,jog
0.8246,139,0.0513,-0.0004,-0.0513,0.2415,2.041,jog
0.8254,140,0.0513,-0.0004,-0.0513,0.2415,2.041,jog
0.828,141,0.0521,-0.0,-0.0521,0.2303,2.063,jog
0.8301,142,0.0521,-0.0,-0.0521,0.2303,2.063,jog
0.833,143,0.0535,0.0011,-0.0535,0.4207,2.261,jog
0.8371,144,0.0544,0.0017,-0.0544,0.2615,2.274,jog
0.8379,145,0.0544,0.0017,-0.0544,0.2615,2.275,jog
0.8411,146,0.0553,0.0021,-0.0552,0.2312,2.266,jog
0.8438,147,0.0562,0.0027,-0.0562,0.2708,2.29,jog
0.8458,148,0.0562,0.0026,-0.0562,0.2708,2.291,jog
0.8494,149,0.0572,0.0031,-0.0571,0.254,2.281,jog
0.8505,150,0.0572,0.0031,-0.0571,0.254,2.281,jog
0.8542,151,0.0581,0.0035,-0.058,0.2381,2.262,jog
0.8549,152,0.0581,0.0035,-0.0579,0.2381,2.263,jog
0.858,153,0.059,0.004,-0.0589,0.2657,2.276,jog
0.8625,154,0.06,0.0046,-0.0598,0.2698,2.284,jog
0.863,155,0.06,0.0046,-0.0598,0.2698,2.285,jog
0.8668,156,0.0609,0.0051,-0.0607,0.2683,2.295,jog
0.8723,157,0.0629,0.0063,-0.0626,0.2869,2.296,jog
0.8747,158,0.0628,0.0062,-0.0625,0.2869,2.299,jog
0.8788,159,0.0638,0.0067,-0.0634,0.2682,2.298,jog
0.8813,160,0.0647,0.0073,-0.0643,0.2773,2.276,jog
0.883,161,0.0647,0.0073,-0.0643,0.2773,2.278,jog
0.8872,162,0.0657,0.0078,-0.0652,0.2798,2.301,jog
0.8902,163,0.0666,0.0083,-0.0661,0.2899,2.316,jog
0.8918,164,0.0665,0.0083,-0.066,0.2899,2.318,jog
0.8958,165,0.0675,0.0088,-0.0669,0.287,2.287,jog
0.8976,166,0.0685,0.0094,-0.0678,0.2892,2.333,jog
0.8991,167,0.0684,0.0093,-0.0678,0.2892,2.336,jog
0.9033,168,0.0694,0.0099,-0.0687,0.3026,2.363,jog
0.9089,169,0.0703,0.0104,-0.0695,0.2983,2.379,jog
0.9118,170,0.0712,0.0109,-0.0703,0.2994,2.408,jog
0.9125,171,0.071,0.0107,-0.0702,0.2994,2.41,jog
0.9168,172,0.0718,0.0111,-0.071,0.2985,2.426,jog
0.9206,173,0.0729,0.0118,-0.0719,0.3024,2.46,jog
0.9214,174,0.0727,0.0116,-0.0717,0.3024,2.461,jog
0.9267,175,0.0745,0.0125,-0.0735,0.2994,2.536,jog
0.9291,176,0.0743,0.0124,-0.0733,0.2994,2.536,jog
0.9311,177,0.0752,0.0128,-0.0741,0.29,2.56,jog
0.9331,178,0.0749,0.0125,-0.0738,0.29,2.561,jog
0.9373,179,0.0755,0.0128,-0.0744,0.2658,2.573,jog
0.941,180,0.076,0.0129,-0.0749,0.2343,2.519,jog
0.9455,181,0.0767,0.0131,-0.0756,0.2334,2.44,jog
0.9484,182,0.0773,0.0132,-0.0762,0.3245,2.486,jog
0.95,183,0.0771,0.013,-0.076,0.3245,2.486,jog
0.9543,184,0.078,0.0134,-0.0768,0.3427,2.59,jog
0.9555,185,0.0784,0.014,-0.0772,0.3275,2.583,jog
0.958,186,0.0781,0.0137,-0.0769,0.3275,2.582,jog
0.9624,187,0.0789,0.0142,-0.0776,0.3308,2.688,jog
0.9648,188,0.0795,0.0146,-0.0782,0.3499,2.818,jog
0.9689,189,0.0803,0.0148,-0.0789,0.3763,3.013,jog
0.9707,190,0.0799,0.0145,-0.0785,0.3763,3.011,jog
0.974,191,0.0806,0.015,-0.0792,0.3713,3.186,jog
0.9754,192,0.0804,0.0148,-0.079,0.3713,3.182,jog
0.9793,193,0.0813,0.0153,-0.0799,0.3635,3.332,jog
0.9822,194,0.082,0.0157,-0.0805,0.3594,3.44,jog
0.9832,195,0.0818,0.0155,-0.0803,0.3594,3.441,jog
0.987,196,0.0823,0.0157,-0.0808,0.348,3.569,jog
0.9898,197,0.083,0.0162,-0.0814,0.3481,3.671,jog
0.9918,198,0.0825,0.0159,-0.081,0.3481,3.679,jog
0.9942,199,0.0831,0.0164,-0.0815,0.344,3.764,jog
0.9963,200,0.0828,0.0161,-0.0812,0.344,3.769,jog
0.9992,201,0.0833,0.0165,-0.0816,0.2287,3.904,jog
1.003,202,0.0834,0.017,-0.0816,0.5052,3.895,jog
1.0033,203,0.0831,0.0168,-0.0813,0.5052,3.907,jog
1.0062,204,0.0834,0.0174,-0.0816,0.364,3.955,jog
1.0122,205,0.0835,0.0179,-0.0816,0.3354,4.002,jog
1.0128,206,0.083,0.0176,-0.0811,0.3354,4.016,jog
1.0174,207,0.083,0.018,-0.0811,0.3619,4.047,jog
1.0214,208,0.0835,0.0188,-0.0814,0.2719,4.088,jog
1.0275,209,0.0846,0.0204,-0.0821,0.2915,4.131,jog
1.0309,210,0.084,0.0206,-0.0814,0.5368,4.156,jog
1.0334,211,0.0836,0.0205,-0.0811,0.5368,4.151,jog
1.0363,212,0.0843,0.0215,-0.0816,0.3784,4.154,jog
1.0384,213,0.0838,0.0213,-0.0811,0.3784,4.149,jog
1.0419,214,0.0845,0.0222,-0.0816,0.3815,4.175,jog
1.0433,215,0.085,0.0231,-0.0818,0.3967,4.145,jog
1.0459,216,0.0846,0.023,-0.0814,0.3967,4.142,jog
1.0483,217,0.0851,0.0239,-0.0817,0.4154,4.132,jog
1.0504,218,0.0847,0.0237,-0.0813,0.4154,4.13,jog
1.0534,219,0.0851,0.0246,-0.0814,0.398,4.099,jog
1.0566,220,0.0857,0.0256,-0.0818,0.4015,4.07,jog
1.0586,221,0.0853,0.0254,-0.0814,0.4015,4.069,jog
1.0627,222,0.0859,0.0264,-0.0817,0.4223,4.032,jog
1.0638,223,0.0864,0.0275,-0.082,0.4479,3.954,jog
1.0661,224,0.086,0.0273,-0.0816,0.4479,3.953,jog
1.0685,225,0.0866,0.0283,-0.0818,0.4309,3.88,jog
1.0717,226,0.0861,0.0281,-0.0814,0.4309,3.88,jog
1.0755,227,0.0864,0.0291,-0.0814,0.4491,3.801,jog
1.079,228,0.0869,0.0301,-0.0815,0.4417,3.718,jog
1.0817,229,0.0876,0.0312,-0.0818,0.4441,3.633,jog
1.0833,230,0.0872,0.0311,-0.0815,0.4441,3.633,jog
1.0865,231,0.0877,0.0321,-0.0816,0.4153,3.57,jog
1.0885,232,0.0875,0.032,-0.0814,0.4153,3.57,jog
1.092,233,0.088,0.033,-0.0816,0.4499,3.487,jog
1.094,234,0.0888,0.0342,-0.082,0.4468,3.352,jog
1.096,235,0.0885,0.034,-0.0817,0.4468,3.351,jog
1.0984,236,0.0894,0.0352,-0.0821,0.4575,3.341,jog
1.1004,237,0.0889,0.035,-0.0817,0.4575,3.34,jog
1.1038,238,0.0898,0.0363,-0.0821,0.478,3.331,jog
1.1074,239,0.0905,0.0375,-0.0823,0.4734,3.3,jog
1.1102,240,0.0911,0.0389,-0.0824,0.5054,3.24,jog
1.1127,241,0.0909,0.0387,-0.0822,0.5054,3.239,jog
1.1161,242,0.0919,0.0401,-0.0827,0.4653,3.125,jog
1.1191,243,0.0925,0.0413,-0.0828,0.4757,3.04,jog
1.121,244,0.0922,0.0411,-0.0825,0.4757,3.038,jog
1.1266,245,0.094,0.0438,-0.0832,0.48,2.901,jog
1.1277,246,0.0937,0.0436,-0.0829,0.48,2.899,jog
1.1296,247,0.0936,0.0435,-0.0829,0.48,2.899,jog
1.1323,248,0.0942,0.0448,-0.0829,0.479,2.81,jog
1.1341,249,0.094,0.0447,-0.0827,0.479,2.809,jog
1.1369,250,0.0949,0.046,-0.083,0.4695,2.696,jog
1.1416,251,0.0956,0.0474,-0.083,0.4744,2.564,jog
1.1454,252,0.0965,0.0488,-0.0832,0.4814,2.476,jog
1.1459,253,0.0962,0.0486,-0.083,0.4814,2.474,jog
1.149,254,0.0971,0.0502,-0.0832,0.4927,2.323,jog
1.1501,255,0.0969,0.0501,-0.083,0.4927,2.32,jog
1.1533,256,0.0983,0.0506,-0.0842,0.434,2.531,jog
1.1564,257,0.0995,0.0517,-0.0851,0.4236,2.624,jog
1.1582,258,0.0994,0.0516,-0.085,0.4236,2.624,jog
1.1611,259,0.1002,0.0531,-0.085,0.4205,2.482,jog
1.1632,260,0.0999,0.0528,-0.0848,0.4205,2.479,jog
1.1666,261,0.1006,0.0542,-0.0848,0.5162,2.319,jog
1.1701,262,0.1019,0.0572,-0.0843,1.0053,2.553,jog
1.1752,263,0.1028,0.059,-0.0842,0.5338,2.48,jog
1.1763,264,0.104,0.0608,-0.0844,0.5222,2.38,jog
1.1786,265,0.1037,0.0605,-0.0842,0.5222,2.376,jog
1.1816,266,0.1052,0.0622,-0.0849,0.7655,2.149,jog
1.1854,267,0.1062,0.0641,-0.0846,0.613,2.185,jog
1.1867,268,0.106,0.0639,-0.0845,0.613,2.18,jog
1.1917,269,0.1073,0.0659,-0.0847,0.539,2.167,jog
1.1929,270,0.109,0.0676,-0.0855,0.7267,2.009,jog
1.1956,271,0.1086,0.0672,-0.0853,0.7267,2.005,jog
1.1992,272,0.1099,0.0695,-0.0851,0.7024,2.011,jog
1.2025,273,0.1114,0.0715,-0.0854,0.5662,1.995,jog
1.2045,274,0.111,0.0711,-0.0852,0.5662,1.993,jog
1.2085,275,0.1129,0.0731,-0.086,0.7258,1.886,jog
1.2095,276,0.1127,0.0729,-0.0859,0.7258,1.885,jog
1.213,277,0.1145,0.0753,-0.0863,0.6124,1.885,jog
1.2161,278,0.1158,0.0769,-0.0866,0.5543,1.837,jog
1.2209,279,0.1175,0.0792,-0.0867,0.7093,1.817,jog
1.2255,280,0.1195,0.0817,-0.0872,0.6996,1.83,jog
1.2282,281,0.1214,0.084,-0.0876,0.6593,1.812,jog
1.2312,282,0.1235,0.0867,-0.0879,0.7664,1.728,jog
1.233,283,0.1231,0.0864,-0.0878,0.7664,1.727,jog
1.2355,284,0.1255,0.0893,-0.0882,0.8001,1.701,jog
1.2376,285,0.1254,0.0891,-0.0881,0.8001,1.7,jog
1.2402,286,0.1276,0.0919,-0.0886,0.8088,1.689,jog
1.243,287,0.13,0.0948,-0.0889,0.8498,1.634,jog
1.2451,288,0.1296,0.0944,-0.0888,0.8498,1.633,jog
1.2476,289,0.1323,0.0977,-0.0892,0.9656,1.719,jog
1.2492,290,0.1321,0.0975,-0.0891,0.9656,1.718,jog
1.2526,291,0.1347,0.1007,-0.0895,0.8424,1.636,jog
1.2535,292,0.1344,0.1003,-0.0894,0.8424,1.635,jog
1.2579,293,0.1369,0.1031,-0.09,0.8331,1.65,jog
1.2608,294,0.1395,0.1063,-0.0903,0.8991,1.582,jog
1.263,295,0.139,0.1058,-0.0902,0.8991,1.581,jog
1.2661,296,0.1418,0.1092,-0.0905,0.9228,1.528,jog
1.2709,297,0.1444,0.1124,-0.0907,0.9668,1.469,jog
1.2718,298,0.1434,0.1113,-0.0904,0.9668,1.484,jog
1.2754,299,0.1451,0.1136,-0.0903,0.9316,1.415,jog
1.279,300,0.1479,0.117,-0.0905,0.97,1.331,jog
1.2797,301,0.1469,0.116,-0.0901,0.97,1.325,jog
1.2831,302,0.1491,0.119,-0.0899,0.9805,1.231,jog
1.286,303,0.1517,0.1222,-0.0898,0.9682,1.13,jog
1.2888,304,0.1544,0.1257,-0.0896,1.0082,1.014,jog
1.2913,305,0.1535,0.1249,-0.0892,1.0082,0.994,jog
1.2938,306,0.156,0.1281,-0.0889,1.0067,0.883,jog
1.2958,307,0.1551,0.1273,-0.0885,1.0067,0.867,jog
1.2986,308,0.1581,0.131,-0.0884,1.0019,0.773,jog
1.2998,309,0.1571,0.1302,-0.088,1.0019,0.75,jog
1.3031,310,0.1601,0.1339,-0.0879,1.0246,0.73,jog
1.304,311,0.159,0.1328,-0.0874,1.0246,0.707,jog
1.3074,312,0.1618,0.1365,-0.0868,1.1495,0.514,jog
1.3109,313,0.1633,0.1387,-0.0863,1.02,0.5,jog
1.3128,314,0.162,0.1375,-0.0857,1.02,0.492,jog
1.3159,315,0.1647,0.141,-0.0852,1.1038,0.352,jog
1.319,316,0.167,0.1439,-0.0847,1.0607,0.347,jog
1.3204,317,0.1662,0.1433,-0.0843,1.0607,0.355,jog
1.3239,318,0.1692,0.1469,-0.0839,1.1064,0.224,jog
1.3259,319,0.1681,0.146,-0.0833,1.1064,0.237,jog
1.3286,320,0.1707,0.1494,-0.0826,1.1087,0.235,jog
1.3323,321,0.1734,0.1531,-0.0814,1.1621,0.212,jog
1.3351,322,0.1755,0.156,-0.0803,1.0631,0.217,jog
1.3365,323,0.1746,0.1553,-0.0799,1.0631,0.223,jog
1.3409,324,0.1778,0.1591,-0.0794,1.2157,0.149,jog
1.3413,325,0.1763,0.1578,-0.0786,1.2157,0.161,jog
1.3456,326,0.1794,0.1617,-0.0777,1.1648,0.216,jog
1.3487,327,0.1815,0.1646,-0.0765,1.2359,0.185,jog
1.3497,328,0.1805,0.1638,-0.0759,1.2359,0.195,jog
1.3528,329,0.1837,0.1678,-0.0748,1.2124,0.21,jog
1.3549,330,0.1822,0.1665,-0.074,1.2124,0.224,jog
1.3601,331,0.1876,0.1731,-0.0721,1.1047,0.077,jog
1.3625,332,0.187,0.1727,-0.0718,1.1047,0.077,jog
1.3661,333,0.1895,0.176,-0.0702,1.1686,0.589,jog
1.3669,334,0.1879,0.1747,-0.0694,1.1686,0.579,jog
1.3707,335,0.1921,0.1792,-0.0692,1.4457,0.491,jog
1.3772,336,0.1993,0.1879,-0.0665,1.3955,0.924,jog
1.3784,337,0.1968,0.1857,-0.0651,1.3955,0.91,jog
1.3809,338,0.1994,0.1888,-0.0641,1.1285,0.979,jog
1.3836,339,0.1989,0.1884,-0.0639,1.1285,0.976,jog
1.3861,340,0.2017,0.1917,-0.0626,1.1604,1.021,jog
1.3882,341,0.2002,0.1904,-0.0618,1.1604,1.013,jog
1.3919,342,0.2036,0.1943,-0.0608,1.1899,1.031,jog
1.3951,343,0.2055,0.1968,-0.059,1.1959,0.963,jog
1.3981,344,0.2091,0.2009,-0.0581,1.2254,0.961,jog
1.3992,345,0.2075,0.1995,-0.0572,1.2254,0.953,jog
1.4019,346,0.2112,0.2036,-0.0561,1.2508,0.859,jog
1.4038,347,0.2101,0.2026,-0.0555,1.2508,0.854,jog
1.4078,348,0.2123,0.2054,-0.0535,1.1669,0.865,jog
1.4122,349,0.216,0.2096,-0.0523,1.2502,0.885,jog
1.4127,350,0.2144,0.2082,-0.0514,1.2502,0.879,jog
1.4152,351,0.2184,0.2125,-0.0504,1.1818,0.975,jog
1.4173,352,0.2168,0.2111,-0.0494,1.1818,0.967,jog
1.4207,353,0.2197,0.2144,-0.0481,1.156,1.033,jog
1.4236,354,0.2226,0.2176,-0.0469,1.1249,1.103,jog
1.4255,355,0.221,0.2162,-0.046,1.1249,1.096,jog
1.4285,356,0.2249,0.2204,-0.045,1.2471,1.194,jog
1.4297,357,0.2239,0.2194,-0.0444,1.2471,1.19,jog
1.4326,358,0.2276,0.2234,-0.0435,1.1911,1.231,jog
1.4359,359,0.2307,0.2268,-0.0422,1.1595,1.323,jog
1.4374,360,0.2291,0.2253,-0.0412,1.1595,1.317,jog
1.4416,361,0.2315,0.2281,-0.0396,1.1293,1.398,jog
1.4457,362,0.2356,0.2324,-0.0386,1.2696,1.447,jog
1.4463,363,0.2345,0.2314,-0.038,1.2696,1.445,jog
1.4492,364,0.2384,0.2355,-0.0371,1.2164,1.48,jog
1.4518,365,0.2412,0.2386,-0.0354,1.2182,1.508,jog
1.4533,366,0.2401,0.2376,-0.0348,1.2182,1.505,jog
1.4565,367,0.2438,0.2415,-0.0336,1.1836,1.589,jog
1.4583,368,0.2422,0.24,-0.0326,1.1836,1.586,jog
1.4625,369,0.2459,0.2438,-0.0314,1.1843,1.735,jog
1.463,370,0.2448,0.2428,-0.0307,1.1843,1.733,jog
1.466,371,0.2484,0.2466,-0.0292,1.1639,1.976,jog
1.4685,372,0.2514,0.2499,-0.0279,1.1747,2.202,jog
1.4715,373,0.2493,0.2479,-0.0265,1.1747,2.201,jog
1.4751,374,0.2531,0.2518,-0.0254,1.2139,2.318,jog
1.4789,375,0.2552,0.2541,-0.0233,1.1894,2.443,jog
1.4814,376,0.2589,0.258,-0.0222,1.2083,2.576,jog
1.4831,377,0.2578,0.2569,-0.0214,1.2083,2.576,jog
1.4857,378,0.2609,0.2601,-0.0199,1.1669,2.709,jog
1.4877,379,0.2598,0.2591,-0.0191,1.1669,2.709,jog
1.492,380,0.2623,0.2617,-0.0171,1.1719,2.772,jog
1.4954,381,0.2671,0.2666,-0.0164,1.3176,2.461,jog
1.4984,382,0.269,0.2686,-0.014,1.1537,2.543,jog
1.5033,383,0.2715,0.2712,-0.0123,1.0916,2.637,jog
1.5042,384,0.2699,0.2696,-0.0112,1.0916,2.64,jog
1.5064,385,0.2729,0.2727,-0.0099,1.0689,2.729,jog
1.5095,386,0.2759,0.2758,-0.0087,1.0735,2.792,jog
1.5121,387,0.2737,0.2737,-0.0073,1.0735,2.796,jog
1.5161,388,0.277,0.2769,-0.0064,1.0373,2.895,jog
1.5168,389,0.2749,0.2748,-0.005,1.0373,2.898,jog
1.5208,390,0.2778,0.2777,-0.004,1.0005,3.03,jog
1.5215,391,0.2761,0.2761,-0.0029,1.0005,3.031,jog
1.5283,392,0.2833,0.2833,-0.0022,1.0412,2.989,jog
1.5333,393,0.2823,0.2823,0.0013,1.0385,2.993,jog
1.5364,394,0.2846,0.2846,0.0023,1.0748,2.96,jog
1.5372,395,0.283,0.2829,0.0034,1.0748,2.96,jog
1.54,396,0.2865,0.2865,0.0035,1.1404,2.828,jog
1.5419,397,0.2849,0.2848,0.0046,1.1404,2.827,jog
1.546,398,0.2884,0.2883,0.0049,1.0977,2.708,jog
1.5481,399,0.2891,0.2891,0.0061,0.9881,2.305,jog
1.5501,400,0.2875,0.2874,0.0071,0.9881,2.303,jog
1.5535,401,0.2896,0.2895,0.0082,1.0524,2.125,jog
1.5557,402,0.2922,0.2921,0.009,1.0354,1.95,jog
1.5584,403,0.2901,0.2899,0.0104,1.0354,1.947,jog
1.563,404,0.2932,0.293,0.0108,1.0163,1.712,jog
1.5663,405,0.2951,0.2948,0.012,1.0462,1.528,jog
1.567,406,0.2934,0.2931,0.0129,1.0462,1.532,jog
1.5699,407,0.2951,0.2948,0.0137,0.9925,1.306,jog
1.5709,408,0.294,0.2936,0.0142,0.9925,1.312,jog
1.5756,409,0.2956,0.2952,0.015,1.0534,1.105,jog
1.5762,410,0.2942,0.2938,0.0153,1.0534,1.106,jog
1.5819,411,0.2989,0.2984,0.0161,1.0015,0.578,jog
1.5837,412,0.296,0.2956,0.0165,1.0015,0.556,jog
1.5871,413,0.298,0.2975,0.0172,1.0402,0.24,jog
1.5901,414,0.3004,0.2999,0.0177,1.0427,0.05,jog
1.5921,415,0.2985,0.298,0.0182,1.0427,0.077,jog
1.5951,416,0.3005,0.2999,0.0187,0.9889,0.355,jog
1.5982,417,0.3032,0.3025,0.0194,1.0856,0.748,jog
1.6011,418,0.3043,0.3036,0.0203,0.946,1.005,jog
1.6031,419,0.303,0.3023,0.0207,0.946,1.011,jog
1.6059,420,0.3042,0.3034,0.0213,0.9475,1.178,jog
1.61,421,0.3056,0.3049,0.0213,1.0013,1.399,jog
1.6126,422,0.3031,0.3024,0.0214,1.0013,1.412,jog
1.6154,423,0.3045,0.3037,0.0213,0.9766,1.604,jog
1.62,424,0.3062,0.3055,0.0215,0.9842,1.895,jog
1.6205,425,0.3044,0.3036,0.0218,0.9842,1.893,jog
1.6242,426,0.3075,0.3067,0.022,0.9339,2.161,jog
1.6283,427,0.3083,0.3075,0.0227,1.0299,2.556,jog
1.6309,428,0.3117,0.3108,0.0236,1.2159,2.902,jog
1.6338,429,0.3111,0.3102,0.0237,1.2159,2.895,jog
1.6365,430,0.3123,0.3114,0.0241,1.0217,3.259,jog
1.6396,431,0.3153,0.3144,0.0242,1.0388,3.675,jog
1.6416,432,0.3134,0.3124,0.0243,1.0388,3.668,jog
1.6457,433,0.3153,0.3143,0.0245,1.0879,4.075,jog
1.6482,434,0.3185,0.3176,0.0244,1.1174,4.531,jog
1.6498,435,0.3172,0.3162,0.0244,1.1174,4.52,jog
1.6533,436,0.3201,0.3192,0.0248,1.0419,5.064,jog
1.6565,437,0.3219,0.321,0.0245,1.0876,5.444,jog
1.6587,438,0.3199,0.319,0.0244,1.0876,5.438,jog
1.6624,439,0.324,0.3231,0.0244,1.1499,5.896,jog
1.6664,440,0.3249,0.3239,0.0245,1.1563,6.284,jog
1.669,441,0.329,0.3281,0.0246,1.1475,6.802,jog
1.6709,442,0.3264,0.3255,0.0246,1.1475,6.791,jog
1.6758,443,0.3279,0.327,0.0247,1.1581,7.286,jog
1.6791,444,0.3327,0.3318,0.0246,1.1766,7.762,jog
1.6814,445,0.3349,0.334,0.0244,1.2325,8.244,jog
1.6829,446,0.333,0.3321,0.0243,1.2325,8.226,jog
1.6852,447,0.3366,0.3358,0.0241,1.3609,8.481,jog
1.6872,448,0.3347,0.3338,0.024,1.3609,8.452,jog
1.6901,449,0.3402,0.3394,0.0233,1.6674,8.42,jog
1.6924,450,0.3376,0.3368,0.0232,1.6674,8.378,jog
1.6948,451,0.343,0.3422,0.0234,1.5782,8.924,jog
1.6997,452,0.3453,0.3445,0.0231,1.0273,9.174,jog
1.7024,453,0.3473,0.3466,0.0228,1.365,9.365,jog
1.704,454,0.346,0.3452,0.0227,1.365,9.329,jog
1.7071,455,0.3502,0.3494,0.0225,1.4284,9.491,jog
1.7109,456,0.3531,0.3525,0.0208,1.6632,9.318,jog
1.7131,457,0.3518,0.3512,0.0207,1.6632,9.289,jog
1.7163,458,0.354,0.3534,0.0206,1.2181,9.388,jog
1.7207,459,0.3591,0.3585,0.0201,1.6415,9.552,jog
1.7213,460,0.3577,0.3571,0.02,1.6415,9.501,jog
1.7234,461,0.3617,0.3612,0.0204,1.182,9.916,jog
1.7281,462,0.3648,0.3642,0.02,1.5244,9.872,jog
1.7309,463,0.3672,0.3667,0.0196,1.5354,9.78,jog
1.7332,464,0.3659,0.3653,0.0195,1.5354,9.761,jog
1.7368,465,0.3691,0.3686,0.0189,1.6015,9.637,jog
1.7415,466,0.3741,0.3736,0.019,1.6508,9.508,jog
1.7462,467,0.376,0.3755,0.0183,1.6248,9.403,jog
1.7482,468,0.3799,0.3795,0.0178,1.623,9.323,jog
1.7502,469,0.3778,0.3774,0.0176,1.623,9.239,jog
1.7532,470,0.382,0.3816,0.0172,1.7162,9.201,jog
1.7558,471,0.387,0.3866,0.0168,1.7133,9.124,jog
1.7587,472,0.3849,0.3845,0.0166,1.7133,9.064,jog
1.7615,473,0.3902,0.3899,0.016,1.6276,9.012,jog
1.7649,474,0.3937,0.3934,0.0154,1.6714,8.896,jog
1.7656,475,0.3922,0.3919,0.0153,1.6714,8.858,jog
1.7703,476,0.3949,0.3947,0.0146,1.6658,8.717,jog
1.7734,477,0.3996,0.3994,0.014,1.63,8.613,jog
1.7774,478,0.4043,0.4041,0.0133,1.6576,8.57,jog
1.7832,479,0.4077,0.4075,0.0127,1.7001,8.478,jog
1.786,480,0.4103,0.4102,0.012,1.6825,8.367,jog
1.7887,481,0.4066,0.4065,0.0118,1.6825,8.291,jog
1.7934,482,0.4189,0.4188,0.0109,1.7187,8.251,jog
1.7946,483,0.4159,0.4158,0.0107,1.7187,8.195,jog
1.7966,484,0.4137,0.4135,0.0105,1.7187,8.154,jog
1.7998,485,0.4178,0.4177,0.01,1.6514,8.066,jog
1.8026,486,0.424,0.4239,0.0096,1.7976,8.144,jog
1.8047,487,0.421,0.4209,0.0094,1.7976,8.094,jog
1.8069,488,0.4277,0.4276,0.0091,1.75,8.056,jog
1.809,489,0.4246,0.4245,0.0089,1.75,8.008,jog
1.813,490,0.4298,0.4297,0.0086,1.919,8.134,jog
1.816,491,0.4342,0.4341,0.0081,1.7498,8.101,jog
1.8208,492,0.4371,0.4371,0.0075,1.7409,8.001,jog
1.8214,493,0.4355,0.4355,0.0074,1.7409,7.98,jog
1.8267,494,0.4406,0.4405,0.0069,1.6941,7.856,jog
1.8281,495,0.4439,0.4439,0.0063,1.657,7.681,jog
1.8316,496,0.4498,0.4497,0.0059,1.6805,7.538,jog
1.8339,497,0.4466,0.4465,0.0058,1.6805,7.488,jog
1.837,498,0.4504,0.4504,0.0052,1.7559,7.41,jog
1.8399,499,0.4559,0.4559,0.0048,1.754,7.341,jog
1.8417,500,0.4535,0.4535,0.0048,1.754,7.304,jog
1.8452,501,0.458,0.458,0.0044,1.7132,7.194,jog
1.8477,502,0.4633,0.4633,0.0041,1.7048,7.075,jog
1.8497,503,0.4609,0.4609,0.0041,1.7048,7.049,jog
1.8534,504,0.4666,0.4666,0.0041,2.0393,7.216,jog
1.8563,505,0.4712,0.4711,0.0038,1.7037,7.132,jog
1.8597,506,0.4679,0.4679,0.0038,1.7037,7.093,jog
1.8621,507,0.4728,0.4728,0.0035,1.5752,6.882,jog
1.8643,508,0.4771,0.4771,0.0032,1.6438,6.714,jog
1.8668,509,0.4771,0.4771,0.0032,1.6438,6.714,jog
1.8699,510,0.48,0.48,0.0028,1.5852,6.492,jog
1.8725,511,0.4854,0.4854,0.0024,1.6393,6.318,jog
1.8764,512,0.4827,0.4827,0.0023,1.6393,6.26,jog
1.8813,513,0.4955,0.4955,0.0014,1.6591,5.876,jog
1.8838,514,0.4903,0.4903,0.0016,1.6591,5.775,jog
1.8865,515,0.4955,0.4955,0.0011,1.592,5.5,jog
1.8879,516,0.4941,0.4941,0.0011,1.592,5.483,jog
1.8912,517,0.4986,0.4986,0.001,1.5935,5.278,jog
1.8958,518,0.503,0.503,0.0007,1.578,5.03,jog
1.8981,519,0.5066,0.5066,0.0005,1.5987,4.832,jog
1.9001,520,0.505,0.505,0.0005,1.5987,4.818,jog
1.9039,521,0.5093,0.5093,0.0003,1.6188,4.659,jog
1.9066,522,0.5136,0.5136,0.0001,1.6022,4.498,jog
1.9092,523,0.5112,0.5112,0.0002,1.6022,4.478,jog
1.9125,524,0.5146,0.5146,-0.0001,1.5982,4.293,jog
1.9166,525,0.5197,0.5197,-0.0005,1.6172,4.177,jog
1.9173,526,0.5182,0.5182,-0.0004,1.6172,4.171,jog
1.9207,527,0.5215,0.5215,-0.0005,1.5281,3.9,jog
1.9256,528,0.5244,0.5244,-0.0007,1.6825,3.842,jog
1.928,529,0.5301,0.5301,-0.0008,1.616,3.703,jog
1.9314,530,0.5279,0.5279,-0.0007,1.616,3.7,jog
1.9348,531,0.5368,0.5368,-0.0009,1.5858,3.428,jog
1.9377,532,0.5352,0.5352,-0.0008,1.5858,3.429,jog
1.941,533,0.5401,0.5401,-0.0009,1.6046,3.289,jog
1.9415,534,0.5378,0.5378,-0.0007,1.6046,3.296,jog
1.9447,535,0.5424,0.5424,-0.0011,1.5249,3.048,jog
1.9461,536,0.5409,0.5409,-0.0009,1.5249,3.054,jog
1.9491,537,0.5452,0.5452,-0.0008,1.6864,3.064,jog
1.9539,538,0.5482,0.5482,-0.0009,1.5863,2.924,jog
1.9584,539,0.552,0.552,-0.0011,1.6213,2.826,jog
1.9591,540,0.5498,0.5498,-0.0009,1.6213,2.84,jog
1.9623,541,0.5554,0.5554,-0.0009,1.7687,2.564,jog
1.9648,542,0.5576,0.5576,-0.0003,1.5829,2.659,jog
1.967,543,0.5561,0.5561,-0.0001,1.5829,2.671,jog
1.9707,544,0.5602,0.5602,-0.0007,1.504,2.56,jog
1.9751,545,0.5633,0.5633,-0.0013,1.4908,2.413,jog
1.9777,546,0.5649,0.5649,-0.0014,1.5531,2.247,jog
1.9834,547,0.5665,0.5665,-0.0013,1.5356,2.11,jog
1.9845,548,0.5702,0.5702,-0.0016,1.5486,1.953,jog
1.9869,549,0.5695,0.5695,-0.0015,1.5486,1.953,jog
1.9899,550,0.5717,0.5717,-0.0014,1.5111,1.799,jog
1.9919,551,0.5703,0.5703,-0.0012,1.5111,1.806,jog
1.9954,552,0.5734,0.5734,-0.001,1.5305,1.639,jog
1.9991,553,0.5759,0.5759,-0.0008,1.5372,1.521,jog
1.9994,554,0.5745,0.5745,-0.0005,1.5372,1.535,jog
2.0024,555,0.5781,0.5781,-0.0007,1.5171,1.39,jog
2.0043,556,0.576,0.576,-0.0002,1.5171,1.405,jog
2.0076,557,0.5803,0.5803,-0.0004,1.5306,1.207,jog
2.0094,558,0.5782,0.5782,0.0001,1.5306,1.222,jog
2.0135,559,0.5811,0.5811,0.0001,1.5047,1.035,jog
2.0152,560,0.584,0.584,0.0002,1.5326,0.847,jog
2.0172,561,0.5826,0.5826,0.0005,1.5326,0.87,jog
2.0203,562,0.5857,0.5857,0.0006,1.5178,0.674,jog
2.0237,563,0.5886,0.5886,0.0006,1.4969,0.502,jog
2.0275,564,0.5902,0.5902,0.001,1.4759,0.302,jog
2.0309,565,0.5931,0.5931,0.0011,1.4764,0.057,jog
2.0336,566,0.591,0.591,0.0015,1.4764,0.087,jog
2.0377,567,0.5946,0.5946,0.0013,1.4265,0.159,jog
2.0414,568,0.5976,0.5976,0.0016,1.4084,0.407,jog
2.0419,569,0.5956,0.5956,0.002,1.4084,0.392,jog
2.0465,570,0.5969,0.5969,0.0024,1.3505,0.614,jog
2.0496,571,0.6006,0.6006,0.0025,1.5351,0.552,jog
2.0532,572,0.6043,0.6043,0.0022,1.3753,0.707,jog
2.0535,573,0.6029,0.6029,0.0026,1.3753,0.7,jog
2.0566,574,0.6074,0.6074,0.0023,1.3738,0.834,jog
2.0585,575,0.6046,0.6046,0.0029,1.3738,0.811,jog
2.0614,576,0.61,0.61,0.0023,1.3912,0.899,jog
2.0633,577,0.6066,0.6066,0.0031,1.3912,0.872,jog
2.0668,578,0.6108,0.6108,0.0031,1.408,0.856,jog
2.0712,579,0.6133,0.6133,0.0031,1.3566,0.998,jog
2.0722,580,0.6174,0.6174,0.0029,1.3626,1.033,jog
2.0755,581,0.6161,0.616,0.0032,1.3626,1.03,jog
2.0779,582,0.6188,0.6187,0.0033,1.3363,1.04,jog
2.0807,583,0.6232,0.6231,0.0033,1.4004,1.074,jog
2.0834,584,0.6211,0.621,0.0038,1.4004,1.064,jog
2.0876,585,0.6248,0.6248,0.0039,1.4125,1.039,jog
2.0883,586,0.6234,0.6233,0.0042,1.4125,1.034,jog
2.092,587,0.6264,0.6264,0.0045,1.4121,1.06,jog
2.0953,588,0.6311,0.6311,0.0044,1.3306,1.034,jog
2.0974,589,0.6331,0.633,0.005,1.3385,1.024,jog
2.0994,590,0.6316,0.6316,0.0054,1.3385,1.024,jog
2.1023,591,0.6358,0.6358,0.0056,1.3538,1.022,jog
2.1038,592,0.6344,0.6343,0.0059,1.3538,1.023,jog
2.1061,593,0.6388,0.6388,0.0061,1.4114,1.076,jog
2.1083,594,0.6374,0.6373,0.0064,1.4114,1.077,jog
2.1124,595,0.6393,0.6393,0.0067,1.3548,1.241,jog
2.1157,596,0.6435,0.6435,0.0064,1.3813,1.441,jog
2.1185,597,0.6479,0.6478,0.0064,1.6082,1.598,jog
2.1212,598,0.6456,0.6456,0.0068,1.6082,1.607,jog
2.1249,599,0.6494,0.6494,0.0065,1.285,1.767,jog
2.1278,600,0.6524,0.6524,0.0068,1.438,1.984,jog
2.1313,601,0.6561,0.6561,0.007,1.4471,2.162,jog
2.135,602,0.66,0.6599,0.0071,1.4918,2.337,jog
2.1359,603,0.6577,0.6576,0.0075,1.4918,2.345,jog
2.1393,604,0.6606,0.6605,0.0078,1.437,2.546,jog
2.1416,605,0.6598,0.6598,0.0079,1.437,2.548,jog
2.1446,606,0.6643,0.6643,0.0085,1.8235,2.63,jog
2.1466,607,0.662,0.662,0.0089,1.8235,2.634,jog
2.1498,608,0.6677,0.6676,0.009,1.825,2.531,jog
2.1536,609,0.6736,0.6735,0.0094,1.8047,2.356,jog
2.1544,610,0.6705,0.6704,0.0099,1.8047,2.359,jog
2.1579,611,0.6769,0.6768,0.0098,1.8243,2.319,jog
2.1605,612,0.6795,0.6795,0.0087,1.4333,2.951,jog
2.1621,613,0.6787,0.6787,0.0088,1.4333,2.951,jog
2.1659,614,0.6822,0.6821,0.0089,1.6378,3.034,jog
2.1666,615,0.6806,0.6805,0.0091,1.6378,3.034,jog
2.1703,616,0.6837,0.6836,0.0093,1.5271,3.063,jog
2.1732,617,0.6897,0.6896,0.0096,1.7142,3.259,jog
2.1776,618,0.6955,0.6954,0.0097,1.8764,3.302,jog
2.1807,619,0.6985,0.6984,0.0099,1.7671,3.444,jog
2.1833,620,0.6964,0.6964,0.0101,1.7671,3.438,jog
2.1876,621,0.6994,0.6993,0.0105,1.559,3.47,jog
2.1912,622,0.705,0.7049,0.0105,1.8195,3.422,jog
2.1918,623,0.7035,0.7034,0.0106,1.8195,3.406,jog
2.1959,624,0.7083,0.7082,0.011,1.8203,3.411,jog
2.1973,625,0.7157,0.7156,0.0099,2.4777,3.186,jog
2.1993,626,0.7132,0.7131,0.0101,2.4777,3.164,jog
2.202,627,0.7182,0.7181,0.0098,1.6257,3.539,jog
2.2037,628,0.7165,0.7165,0.01,1.6257,3.521,jog
2.2077,629,0.722,0.7219,0.0104,1.8472,3.637,jog
2.2108,630,0.7262,0.7261,0.0109,1.9701,3.654,jog
2.2125,631,0.7239,0.7238,0.0111,1.9701,3.644,jog
2.2154,632,0.7297,0.7296,0.0115,1.9146,3.7,jog
2.2172,633,0.7275,0.7274,0.0116,1.9146,3.697,jog
2.2198,634,0.7339,0.7338,0.0118,1.8608,3.816,jog
2.2219,635,0.7318,0.7317,0.012,1.8608,3.818,jog
2.2246,636,0.7384,0.7383,0.0121,1.9258,3.869,jog
2.2303,637,0.7415,0.7414,0.0118,1.9652,3.842,jog
2.2321,638,0.7467,0.7466,0.0121,1.8427,4.093,jog
2.2343,639,0.753,0.7529,0.0124,2.0582,4.025,jog
2.2368,640,0.7509,0.7508,0.0124,2.0582,4.028,jog
2.241,641,0.7568,0.7567,0.0128,1.8197,4.339,jog
2.2415,642,0.7547,0.7545,0.0128,1.8197,4.344,jog
2.2444,643,0.7611,0.761,0.013,2.0571,4.214,jog
2.2464,644,0.759,0.7589,0.0129,2.0571,4.219,jog
2.2492,645,0.7648,0.7647,0.0132,1.8083,4.543,jog
2.2528,646,0.7705,0.7704,0.0134,2.0581,4.351,jog
2.2569,647,0.776,0.7759,0.0136,1.9344,4.387,jog
2.2588,648,0.7739,0.7738,0.0135,1.9344,4.392,jog
2.2617,649,0.7795,0.7794,0.0138,1.9696,4.368,jog
2.2662,650,0.7851,0.785,0.0139,1.9622,4.343,jog
2.2667,651,0.7831,0.7829,0.0138,1.9622,4.351,jog
2.269,652,0.7895,0.7893,0.014,1.914,4.667,jog
2.2709,653,0.7881,0.788,0.0139,1.914,4.672,jog
2.2736,654,0.7945,0.7943,0.0141,1.989,4.538,jog
2.2758,655,0.7924,0.7923,0.0139,1.989,4.543,jog
2.2792,656,0.8004,0.8002,0.0144,2.032,4.335,jog
2.2828,657,0.8048,0.8046,0.0142,1.9429,4.361,jog
2.2834,658,0.8034,0.8033,0.0141,1.9429,4.37,jog
2.2872,659,0.8093,0.8092,0.0143,1.9798,4.266,jog
2.288,660,0.808,0.8079,0.0141,1.9798,4.276,jog
2.2908,661,0.8142,0.8141,0.0141,1.8813,4.305,jog
2.2955,662,0.8195,0.8194,0.0141,1.9544,4.37,jog
2.2962,663,0.8182,0.8181,0.0139,1.9544,4.375,jog
2.2991,664,0.8239,0.8238,0.0139,1.916,4.273,jog
2.3017,665,0.8303,0.8302,0.0142,1.8752,4.158,jog
2.3041,666,0.8283,0.8282,0.0139,1.8752,4.173,jog
2.307,667,0.8348,0.8347,0.0141,1.9144,4.105,jog
2.3104,668,0.8405,0.8404,0.014,1.8776,4.019,jog
2.3124,669,0.8379,0.8378,0.0137,1.8776,4.043,jog
2.316,670,0.8435,0.8434,0.0135,1.8316,3.974,jog
2.3192,671,0.8498,0.8497,0.0136,1.8463,3.828,jog
2.3206,672,0.8478,0.8477,0.0133,1.8463,3.849,jog
2.3268,673,0.8536,0.8535,0.0133,1.8691,3.766,jog
2.3289,674,0.8587,0.8586,0.0134,1.8716,3.678,jog
2.333,675,0.8638,0.8637,0.0134,1.8559,3.577,jog
2.3372,676,0.8681,0.868,0.0135,1.8426,3.513,jog
2.3395,677,0.8737,0.8736,0.0134,1.8111,3.442,jog
2.3416,678,0.8724,0.8723,0.0132,1.8111,3.458,jog
2.3455,679,0.8779,0.8778,0.0131,1.8166,3.361,jog
2.3463,680,0.8766,0.8765,0.013,1.8166,3.385,jog
2.3488,681,0.8827,0.8826,0.0129,1.7841,3.265,jog
2.3517,682,0.8888,0.8887,0.0128,1.7909,3.135,jog
2.354,683,0.8868,0.8867,0.0126,1.7909,3.156,jog
2.3573,684,0.8922,0.8921,0.0125,1.7935,3.061,jog
2.3584,685,0.8909,0.8908,0.0123,1.7935,3.068,jog
2.363,686,0.8969,0.8968,0.0123,1.7938,2.954,jog
2.3633,687,0.8949,0.8948,0.0121,1.7938,2.972,jog
2.366,688,0.901,0.9009,0.0121,1.809,2.841,jog
2.368,689,0.907,0.9069,0.0121,1.7898,2.713,jog
2.3703,690,0.9063,0.9062,0.012,1.7898,2.719,jog
2.3736,691,0.9117,0.9116,0.012,1.8291,2.601,jog
2.3766,692,0.9083,0.9082,0.0117,1.8291,2.627,jog
2.3797,693,0.9134,0.9134,0.0116,1.7947,2.491,jog
2.383,694,0.9187,0.9186,0.0116,1.8125,2.364,jog
2.387,695,0.9245,0.9245,0.0117,1.8207,2.21,jog
2.3898,696,0.9289,0.9288,0.0117,1.8104,2.096,jog
2.3913,697,0.9275,0.9274,0.0116,1.8104,2.1,jog
2.3942,698,0.9325,0.9325,0.0117,1.8279,1.953,jog
2.3963,699,0.9311,0.931,0.0116,1.8279,1.954,jog
2.3996,700,0.9373,0.9373,0.0118,1.7832,1.807,jog
2.4029,701,0.94,0.9399,0.0118,1.8005,1.668,jog
2.4048,702,0.9386,0.9385,0.0117,1.8005,1.667,jog
2.4082,703,0.9433,0.9432,0.0118,1.7789,1.538,jog
2.4111,704,0.9486,0.9485,0.0121,1.7848,1.395,jog
2.413,705,0.9464,0.9463,0.0119,1.7848,1.393,jog
2.4163,706,0.9501,0.95,0.0122,1.7762,1.26,jog
2.4183,707,0.9553,0.9553,0.0124,1.7858,1.278,jog
2.4207,708,0.9553,0.9553,0.0124,1.7858,1.278,jog
2.4235,709,0.9588,0.9587,0.0125,1.7463,1.182,jog
2.4269,710,0.9629,0.9628,0.0125,1.7435,1.026,jog
2.4302,711,0.9599,0.9598,0.0124,1.7435,1.02,jog
2.433,712,0.964,0.9639,0.0127,1.75,0.919,jog
2.4376,713,0.9687,0.9686,0.013,1.7239,0.736,jog
2.4389,714,0.9724,0.9723,0.0131,1.6749,0.543,jog
2.4418,715,0.9709,0.9708,0.0131,1.6749,0.539,jog
2.4456,716,0.9721,0.9721,0.0131,1.6534,0.356,jog
2.449,717,0.9758,0.9757,0.0133,1.6634,0.148,jog
2.4537,718,0.9799,0.9798,0.0137,1.7171,0.202,jog
2.4541,719,0.9783,0.9782,0.0137,1.7171,0.197,jog
2.4583,720,0.98,0.9799,0.014,1.4223,0.061,jog
2.4616,721,0.9841,0.984,0.0141,1.5502,0.091,jog
2.4641,722,0.9885,0.9884,0.0143,1.543,0.429,jog
2.4669,723,0.9853,0.9852,0.0143,1.543,0.438,jog
2.4701,724,0.989,0.9889,0.0143,1.5676,0.67,jog
2.4726,725,0.9936,0.9935,0.0143,1.5267,0.977,jog
2.4767,726,0.9971,0.997,0.0137,1.5522,1.254,jog
2.4796,727,0.9945,0.9944,0.0137,1.5522,1.231,jog
2.4831,728,0.9983,0.9982,0.014,1.6517,1.404,jog
2.4876,729,1.0,0.9999,0.0142,1.4077,1.657,jog
2.4905,730,1.004,1.0039,0.0142,1.4331,1.881,jog
2.4954,731,1.0074,1.0073,0.0141,1.4197,2.021,jog
2.496,732,1.0053,1.0052,0.0142,1.4197,1.999,jog
2.4999,733,1.0083,1.0082,0.0142,1.3995,2.144,jog
2.5006,734,1.0068,1.0067,0.0142,1.3995,2.138,jog
2.5038,735,1.0104,1.0103,0.0145,1.464,2.381,jog
2.5081,736,1.0134,1.0133,0.0142,1.3534,2.468,jog
2.5085,737,1.011,1.0109,0.0143,1.3534,2.455,jog
2.5119,738,1.0156,1.0156,0.0139,1.3387,2.502,jog
2.5126,739,1.0133,1.0132,0.014,1.3387,2.489,jog
2.516,740,1.0166,1.0165,0.0139,1.3588,2.567,jog
2.5205,741,1.0207,1.0206,0.0136,1.3742,2.602,jog
2.5208,742,1.0183,1.0183,0.0137,1.3742,2.602,jog
2.5246,743,1.0223,1.0222,0.0138,1.3355,2.616,jog
2.5251,744,1.0208,1.0207,0.0139,1.3355,2.617,jog
2.5285,745,1.0258,1.0257,0.0139,1.3852,2.691,jog
2.5313,746,1.0272,1.0271,0.0138,1.4514,2.645,jog
2.5354,747,1.0326,1.0325,0.0138,1.4747,2.835,jog
2.5379,748,1.0288,1.0287,0.014,1.4747,2.849,jog
2.5412,749,1.0326,1.0325,0.0141,1.4716,2.975,jog
2.5459,750,1.0371,1.037,0.0141,1.4604,3.083,jog
2.5463,751,1.0341,1.034,0.0144,1.4604,3.099,jog
2.5492,752,1.0394,1.0393,0.0144,1.4705,3.151,jog
2.5514,753,1.0431,1.043,0.0156,1.9143,3.405,jog
2.5544,754,1.0409,1.0408,0.0158,1.9143,3.414,jog
2.5585,755,1.046,1.0458,0.016,1.7668,3.315,jog
2.559,756,1.0445,1.0444,0.0162,1.7668,3.324,jog
2.5621,757,1.0484,1.0483,0.0167,1.3505,3.411,jog
2.5656,758,1.0529,1.0527,0.0178,2.0678,3.783,jog
2.5662,759,1.0507,1.0505,0.0181,2.0678,3.796,jog
2.5694,760,1.0561,1.0559,0.0181,1.5682,3.909,jog
2.573,761,1.0609,1.0608,0.0168,1.9191,3.644,jog
2.5746,762,1.0587,1.0586,0.0171,1.9191,3.658,jog
2.5793,763,1.0622,1.062,0.0173,1.5856,3.65,jog
2.5818,764,1.0665,1.0663,0.0176,1.6282,3.696,jog
2.5852,765,1.0709,1.0708,0.0178,1.6165,3.716,jog
2.5879,766,1.0709,1.0708,0.0178,1.6165,3.716,jog
2.5917,767,1.0742,1.074,0.0181,1.7177,3.816,jog
2.5943,768,1.0789,1.0787,0.0183,1.7118,3.856,jog
2.5992,769,1.0824,1.0823,0.0186,1.5443,3.803,jog
2.5996,770,1.0803,1.0802,0.0189,1.5443,3.826,jog
2.6021,771,1.0855,1.0853,0.0186,1.6062,3.877,jog
2.604,772,1.0841,1.0839,0.0188,1.6062,3.894,jog
2.6077,773,1.0888,1.0887,0.0186,1.5916,3.773,jog
2.6097,774,1.0913,1.0912,0.0186,1.3612,3.488,jog
2.6126,775,1.0892,1.0891,0.0189,1.3612,3.5,jog
2.6152,776,1.0946,1.0945,0.0191,1.7025,3.455,jog
2.6172,777,1.0933,1.0931,0.0193,1.7025,3.473,jog
2.6205,778,1.0968,1.0967,0.0191,1.5717,3.365,jog
2.6233,779,1.1019,1.1018,0.0189,1.6642,3.305,jog
2.6254,780,1.1005,1.1004,0.0192,1.6642,3.312,jog
2.6295,781,1.1062,1.106,0.0189,1.6294,3.228,jog
2.6332,782,1.11,1.1098,0.019,1.7004,3.2,jog
2.634,783,1.1073,1.1071,0.0195,1.7004,3.231,jog
2.6374,784,1.1143,1.1141,0.0191,1.839,3.262,jog
2.6401,785,1.1168,1.1166,0.0194,1.7172,3.256,jog
2.6421,786,1.1154,1.1152,0.0197,1.7172,3.262,jog
2.646,787,1.1201,1.1199,0.0193,1.7895,3.224,jog
2.6467,788,1.1187,1.1186,0.0195,1.7895,3.23,jog
2.6494,789,1.1237,1.1235,0.0192,1.8392,3.187,jog
2.6522,790,1.1288,1.1286,0.0185,1.6839,2.712,jog
2.6542,791,1.1274,1.1273,0.0187,1.6839,2.729,jog
2.658,792,1.1324,1.1322,0.0186,1.8927,2.71,jog
2.662,793,1.1359,1.1357,0.0187,1.8629,2.652,jog
2.6645,794,1.1417,1.1415,0.018,2.0512,2.657,jog
2.6666,795,1.1403,1.1401,0.0182,2.0512,2.661,jog
2.6701,796,1.1448,1.1446,0.018,1.917,2.608,jog
2.6733,797,1.1507,1.1505,0.0175,1.9081,2.548,jog
2.6765,798,1.156,1.1558,0.0172,1.9338,2.494,jog
2.6798,799,1.1545,1.1544,0.0174,1.9338,2.5,jog
2.681,800,1.1598,1.1597,0.0172,1.9153,2.444,jog
2.684,801,1.1577,1.1575,0.0175,1.9153,2.452,jog
2.6872,802,1.163,1.1629,0.0172,1.9363,2.388,jog
2.6897,803,1.169,1.1689,0.0167,1.9112,2.314,jog
2.6916,804,1.1668,1.1667,0.0171,1.9112,2.316,jog
2.6942,805,1.1729,1.1728,0.0167,1.9321,2.285,jog
2.6963,806,1.1707,1.1706,0.0171,1.9321,2.286,jog
2.6993,807,1.1761,1.176,0.0168,1.9336,2.241,jog
2.7036,808,1.1821,1.1819,0.0164,1.9003,2.152,jog
2.7039,809,1.1806,1.1805,0.0166,1.9003,2.152,jog
2.708,810,1.1859,1.1858,0.0164,1.9196,2.113,jog
2.7088,811,1.1844,1.1843,0.0166,1.9196,2.112,jog
2.7125,812,1.1899,1.1898,0.0163,1.933,2.076,jog
2.7132,813,1.1884,1.1883,0.0166,1.933,2.075,jog
2.7158,814,1.1955,1.1954,0.0161,1.978,2.113,jog
2.72,815,1.2004,1.2003,0.0162,1.9692,2.179,jog
2.7242,816,1.2072,1.2071,0.0164,2.2888,2.586,jog
2.725,817,1.2049,1.2048,0.0167,2.2888,2.581,jog
2.7314,818,1.2178,1.2177,0.0157,1.8656,2.431,jog
2.7327,819,1.2147,1.2146,0.0161,1.8656,2.426,jog
2.7376,820,1.2193,1.2192,0.0158,1.9094,2.394,jog
2.7386,821,1.2178,1.2177,0.0159,1.9094,2.389,jog
2.7415,822,1.2237,1.2236,0.0158,1.8063,2.233,jog
2.7443,823,1.2279,1.2278,0.0153,1.7939,2.13,jog
2.7464,824,1.2255,1.2254,0.0155,1.7939,2.128,jog
2.7497,825,1.2325,1.2324,0.0151,1.9122,2.046,jog
2.7505,826,1.2301,1.23,0.0153,1.9122,2.044,jog
2.7529,827,1.2366,1.2365,0.0142,1.809,1.968,jog
2.7548,828,1.2342,1.2341,0.0143,1.809,1.966,jog
2.7585,829,1.2406,1.2406,0.0134,1.7665,1.787,jog
2.7619,830,1.2432,1.2431,0.0128,1.808,1.617,jog
2.7664,831,1.2494,1.2493,0.0127,1.8821,1.451,jog
2.7687,832,1.2535,1.2535,0.0121,1.8049,1.332,jog
2.7716,833,1.2505,1.2504,0.0122,1.8049,1.323,jog
2.7751,834,1.2573,1.2572,0.0112,1.8173,1.21,jog
2.7779,835,1.2617,1.2617,0.0104,1.7743,1.151,jog
2.7815,836,1.2676,1.2676,0.0104,1.9129,1.023,jog
2.7835,837,1.2662,1.2662,0.0105,1.9129,1.023,jog
2.7857,838,1.2715,1.2714,0.0097,1.7786,0.92,jog
2.7877,839,1.2693,1.2693,0.0099,1.7786,0.938,jog
2.7924,840,1.2731,1.273,0.0097,1.8177,0.857,jog
2.7965,841,1.2787,1.2787,0.009,1.7739,0.767,jog
2.7994,842,1.2848,1.2848,0.0087,1.876,0.7,jog
2.802,843,1.288,1.288,0.0084,1.7906,0.629,jog
2.8036,844,1.2863,1.2863,0.0085,1.7906,0.635,jog
2.8073,845,1.2918,1.2918,0.0077,1.7634,0.515,jog
2.81,846,1.2957,1.2956,0.007,1.7858,0.439,jog
2.8121,847,1.2941,1.294,0.0071,1.7858,0.446,jog
2.8162,848,1.2987,1.2987,0.0065,1.7463,0.344,jog
2.817,849,1.2972,1.2972,0.0066,1.7463,0.346,jog
2.82,850,1.303,1.303,0.0059,1.6208,0.07,jog
2.823,851,1.3071,1.3071,0.0054,1.7542,0.146,jog
2.8249,852,1.3057,1.3056,0.0054,1.7542,0.146,jog
2.8296,853,1.3108,1.3108,0.0048,1.8262,0.225,jog
2.8307,854,1.3149,1.3149,0.0043,1.789,0.384,jog
2.8334,855,1.3142,1.3141,0.0043,1.789,0.385,jog
2.8364,856,1.3182,1.3182,0.0037,1.8022,0.483,jog
2.8393,857,1.3223,1.3223,0.0032,1.8121,0.539,jog
2.8424,858,1.3208,1.3208,0.0032,1.8121,0.542,jog
2.8463,859,1.326,1.326,0.0033,2.0722,0.211,jog
2.8493,860,1.3314,1.3314,0.0031,1.7774,0.4,jog
2.8538,861,1.3352,1.3352,0.0024,1.7991,0.482,jog
2.8544,862,1.3332,1.3332,0.0023,1.7991,0.484,jog
2.8584,863,1.3369,1.3369,0.0017,1.7875,0.629,jog
2.8631,864,1.3406,1.3406,0.0008,1.7852,0.748,jog
2.8662,865,1.345,1.345,-0.0,1.7811,0.849,jog
2.8707,866,1.3498,1.3498,-0.0008,1.7628,1.024,jog
2.871,867,1.3478,1.3478,-0.0009,1.7628,1.028,jog
2.8743,868,1.3525,1.3525,-0.0018,1.7462,1.198,jog
2.8766,869,1.3498,1.3498,-0.0019,1.7462,1.204,jog
2.8815,870,1.3601,1.3601,-0.0034,1.7817,1.534,jog
2.8846,871,1.3629,1.3629,-0.0042,1.6572,1.868,jog
2.8872,872,1.3616,1.3616,-0.0043,1.6572,1.871,jog
2.8904,873,1.3653,1.3653,-0.0051,1.6956,2.109,jog
2.8935,874,1.3679,1.3679,-0.0059,1.5965,2.358,jog
2.8977,875,1.3706,1.3706,-0.0069,1.5968,2.584,jog
2.9003,876,1.368,1.3679,-0.007,1.5968,2.6,jog
2.9032,877,1.3722,1.3722,-0.0077,1.5201,2.994,jog
2.9063,878,1.3752,1.3752,-0.0084,1.5961,3.06,jog
2.9082,879,1.3739,1.3739,-0.0085,1.5961,3.069,jog
2.9125,880,1.376,1.376,-0.0089,1.4444,3.413,jog
2.9151,881,1.3801,1.3801,-0.0093,1.4823,3.618,jog
2.9167,882,1.3788,1.3788,-0.0094,1.4823,3.629,jog
2.9196,883,1.383,1.383,-0.0096,1.4281,3.868,jog
2.9232,884,1.3863,1.3863,-0.01,1.366,4.181,jog
2.9252,885,1.3843,1.3843,-0.01,1.366,4.206,jog
2.9284,886,1.3882,1.3882,-0.0102,1.3053,4.474,jog
2.9309,887,1.3909,1.3909,-0.0103,1.3359,4.742,jog
2.9335,888,1.389,1.3889,-0.0103,1.3359,4.762,jog
2.9366,889,1.3932,1.3932,-0.0106,1.2434,5.181,jog
2.942,890,1.3958,1.3958,-0.0107,1.2976,5.376,jog
2.9436,891,1.3983,1.3983,-0.0111,1.2802,5.535,jog
2.9462,892,1.3964,1.3963,-0.0112,1.2802,5.564,jog
2.9495,893,1.3995,1.3995,-0.0114,1.2671,5.661,jog
2.952,894,1.4027,1.4027,-0.0114,1.2799,5.684,jog
2.9534,895,1.4014,1.4014,-0.0114,1.2799,5.698,jog
2.9572,896,1.4055,1.4055,-0.0117,1.3247,5.598,jog
2.9581,897,1.4042,1.4041,-0.0117,1.3247,5.61,jog
2.962,898,1.4082,1.4081,-0.012,1.2286,5.87,jog
2.9656,899,1.4101,1.41,-0.0133,1.3108,5.789,jog
2.9662,900,1.4087,1.4087,-0.0133,1.3108,5.798,jog
2.9702,901,1.41,1.41,-0.0136,1.2178,6.005,jog
2.9747,902,1.4138,1.4137,-0.0141,1.2487,6.021,jog
2.9756,903,1.4117,1.4116,-0.0141,1.2487,6.025,jog
2.9778,904,1.4155,1.4154,-0.0143,1.2459,6.049,jog
2.9804,905,1.4192,1.4191,-0.0148,1.242,6.054,jog
2.9829,906,1.4178,1.4177,-0.0148,1.242,6.053,jog
2.985,907,1.4214,1.4214,-0.0152,1.229,6.175,jog
2.9883,908,1.4186,1.4185,-0.0151,1.229,6.166,jog
2.9917,909,1.4221,1.422,-0.0157,1.1795,6.309,jog
2.9961,910,1.4243,1.4242,-0.0162,1.2358,6.423,jog
2.9964,911,1.4222,1.4221,-0.0162,1.2358,6.41,jog
2.9993,912,1.425,1.4249,-0.0166,1.2045,6.574,jog
3.0024,913,1.4288,1.4287,-0.0174,1.1577,6.918,jog
3.0042,914,1.4259,1.4258,-0.0173,1.1577,6.883,jog
3.0075,915,1.4292,1.4291,-0.0179,1.1725,7.16,jog
3.0085,916,1.4277,1.4276,-0.0178,1.1725,7.144,jog
3.0129,917,1.4312,1.4311,-0.0182,1.1984,7.298,jog
3.016,918,1.4338,1.4337,-0.0186,1.1841,7.509,jog
3.0164,919,1.4315,1.4314,-0.0185,1.1841,7.469,jog
3.0189,920,1.4348,1.4347,-0.0189,1.1873,7.676,jog
3.021,921,1.4333,1.4332,-0.0188,1.1873,7.654,jog
3.0283,922,1.4392,1.4391,-0.02,1.1863,8.144,jog
3.0307,923,1.4407,1.4406,-0.0204,1.2054,8.349,jog
3.0331,924,1.4384,1.4382,-0.0202,1.2054,8.311,jog
3.0373,925,1.4392,1.4391,-0.0202,1.1967,8.457,jog
3.0404,926,1.4425,1.4424,-0.0204,1.2252,8.609,jog
3.0443,927,1.4444,1.4443,-0.0204,1.3025,8.725,jog
3.0466,928,1.4428,1.4427,-0.0202,1.3025,8.697,jog
3.0492,929,1.4475,1.4473,-0.02,1.7002,8.333,jog
3.0527,930,1.45,1.4499,-0.0191,1.4397,8.094,jog
3.0535,931,1.4484,1.4483,-0.0188,1.4397,8.064,jog
3.0563,932,1.4536,1.4535,-0.0191,1.344,8.172,jog
3.0602,933,1.454,1.4539,-0.0185,1.372,8.159,jog
3.0628,934,1.4516,1.4515,-0.0182,1.372,8.094,jog
3.0661,935,1.455,1.4549,-0.018,1.3262,8.217,jog
3.0704,936,1.4578,1.4577,-0.0178,1.3499,8.273,jog
3.0707,937,1.4558,1.4557,-0.0175,1.3499,8.246,jog
3.0743,938,1.4596,1.4595,-0.0175,1.3456,8.327,jog
3.0753,939,1.4583,1.4582,-0.0173,1.3456,8.318,jog
3.0793,940,1.4618,1.4617,-0.017,1.3017,8.406,jog
3.0797,941,1.4596,1.4595,-0.0167,1.3017,8.394,jog
3.0831,942,1.4626,1.4625,-0.0166,1.366,8.417,jog
3.0875,943,1.4662,1.4662,-0.0165,1.3029,8.484,jog
3.0882,944,1.4641,1.464,-0.0163,1.3029,8.47,jog
3.0919,945,1.4676,1.4675,-0.016,1.3257,8.485,jog
3.0975,946,1.4733,1.4732,-0.0151,1.3729,8.487,jog
3.0997,947,1.4709,1.4709,-0.0149,1.3729,8.464,jog
3.1027,948,1.4739,1.4738,-0.0152,1.5715,8.572,jog
3.1042,949,1.4723,1.4722,-0.015,1.5715,8.552,jog
3.1087,950,1.4739,1.4738,-0.015,1.4445,8.688,jog
3.1119,951,1.4775,1.4775,-0.0148,1.3969,8.663,jog
3.1147,952,1.4803,1.4802,-0.0146,1.3232,8.71,jog
3.1164,953,1.478,1.4779,-0.0144,1.3232,8.681,jog
3.1204,954,1.4812,1.4812,-0.0143,1.2772,8.729,jog
3.1213,955,1.4789,1.4789,-0.014,1.2772,8.704,jog
3.1242,956,1.4839,1.4839,-0.0145,1.2365,8.763,jog
3.1293,957,1.4851,1.485,-0.0138,1.3025,8.667,jog
3.1302,958,1.4827,1.4827,-0.0135,1.3025,8.624,jog
3.1324,959,1.4864,1.4863,-0.013,1.352,8.576,jog
3.1347,960,1.4895,1.4895,-0.0125,1.4047,8.491,jog
3.1372,961,1.488,1.488,-0.0123,1.4047,8.475,jog
3.142,962,1.4912,1.4912,-0.0119,1.4438,8.341,jog
3.1431,963,1.489,1.4889,-0.0116,1.4438,8.309,jog
3.1485,964,1.4953,1.4953,-0.0107,1.4273,8.321,jog
3.1515,965,1.5008,1.5008,-0.0101,1.593,7.971,jog
3.1546,966,1.4971,1.4971,-0.0096,1.593,7.888,jog
3.1576,967,1.5002,1.5002,-0.0089,1.3814,7.828,jog
3.1631,968,1.5042,1.5041,-0.0085,1.371,7.781,jog
3.1647,969,1.5066,1.5066,-0.0083,1.3563,7.797,jog
3.1663,970,1.5044,1.5044,-0.008,1.3563,7.73,jog
3.1695,971,1.5083,1.5083,-0.0079,1.3649,7.778,jog
3.1704,972,1.5069,1.5068,-0.0077,1.3649,7.728,jog
3.1742,973,1.5109,1.5109,-0.0075,1.3791,7.706,jog
3.175,974,1.5094,1.5094,-0.0072,1.3791,7.69,jog
3.1784,975,1.5135,1.5135,-0.0069,1.3663,7.682,jog
3.1792,976,1.512,1.512,-0.0066,1.3663,7.633,jog
3.1815,977,1.5153,1.5153,-0.0063,1.3517,7.605,jog
3.1835,978,1.5139,1.5139,-0.006,1.3517,7.556,jog
3.1867,979,1.5172,1.5172,-0.0055,1.3447,7.523,jog
3.191,980,1.5214,1.5214,-0.005,1.3679,7.502,jog
3.1969,981,1.5236,1.5236,-0.0042,1.3952,7.429,jog
3.198,982,1.5264,1.5264,-0.0034,1.3645,7.403,jog
3.201,983,1.5257,1.5257,-0.0033,1.3645,7.371,jog
3.2046,984,1.527,1.527,-0.0024,1.341,7.335,jog
3.2076,985,1.5313,1.5313,-0.002,1.3501,7.165,jog
3.2103,986,1.5348,1.5348,-0.0013,1.3481,7.179,jog
3.2122,987,1.5334,1.5334,-0.0011,1.3481,7.132,jog
3.2147,988,1.5376,1.5376,-0.0005,1.3405,7.188,jog
3.2168,989,1.5355,1.5355,-0.0001,1.3405,7.125,jog
3.2205,990,1.5396,1.5396,0.0003,1.3068,7.145,jog
3.2231,991,1.543,1.543,0.001,1.3218,7.148,jog
3.2253,992,1.541,1.541,0.0013,1.3218,7.101,jog
3.2292,993,1.5452,1.5452,0.0018,1.3358,7.13,jog
3.2321,994,1.5487,1.5487,0.0024,1.3475,7.18,jog
3.2327,995,1.5467,1.5467,0.0028,1.3475,7.132,jog
3.2368,996,1.5505,1.5505,0.0031,1.4238,7.23,jog
3.2422,997,1.554,1.554,0.0035,1.3276,7.259,jog
3.2434,998,1.5575,1.5575,0.0043,1.53,7.367,jog
3.2467,999,1.5547,1.5547,0.0047,1.53,7.318,jog
3.2496,1000,1.5582,1.5582,0.0053,1.3307,7.276,jog
3.2532,1001,1.5622,1.5622,0.0057,1.3213,7.285,jog
3.2579,1002,1.5651,1.5651,0.0063,1.3642,7.287,jog
3.2599,1003,1.5679,1.5679,0.0069,1.3635,7.245,jog
3.2625,1004,1.5658,1.5658,0.0072,1.3635,7.214,jog
3.2664,1005,1.5699,1.5699,0.0077,1.3653,7.218,jog
3.2673,1006,1.5679,1.5679,0.008,1.3653,7.187,jog
3.2701,1007,1.5727,1.5727,0.0084,1.3792,7.203,jog
3.275,1008,1.5754,1.5753,0.0091,1.3699,7.177,jog
3.2758,1009,1.5733,1.5733,0.0093,1.3699,7.134,jog
3.2797,1010,1.5759,1.5759,0.01,1.3719,7.113,jog
3.2826,1011,1.5792,1.5792,0.0106,1.3805,7.099,jog
3.2848,1012,1.5837,1.5837,0.011,1.3541,7.097,jog
3.2874,1013,1.5809,1.5809,0.0114,1.3541,7.046,jog
3.2917,1014,1.584,1.5839,0.0118,1.3431,7.026,jog
3.2935,1015,1.5876,1.5876,0.0123,1.3257,7.028,jog
3.2972,1016,1.5862,1.5862,0.0124,1.3257,7.004,jog
3.2999,1017,1.5877,1.5876,0.013,1.3487,6.968,jog
3.3031,1018,1.5911,1.591,0.0134,1.3089,6.969,jog
3.304,1019,1.5896,1.5896,0.0135,1.3089,6.958,jog
3.3076,1020,1.593,1.5929,0.0136,1.2752,7.004,jog
3.3124,1021,1.5949,1.5948,0.0141,1.2894,6.977,jog
3.3128,1022,1.5927,1.5926,0.0142,1.2894,6.935,jog
3.3161,1023,1.5957,1.5957,0.0145,1.2569,6.96,jog
3.3168,1024,1.5942,1.5942,0.0146,1.2569,6.939,jog
3.32,1025,1.5965,1.5964,0.0151,1.2111,6.837,jog
3.3242,1026,1.5979,1.5979,0.0153,1.2385,6.832,jog
3.3297,1027,1.6009,1.6008,0.0155,1.2351,6.809,jog
3.3301,1028,1.5978,1.5978,0.0155,1.2351,6.759,jog
3.3328,1029,1.6008,1.6007,0.0158,1.2325,6.697,jog
3.3356,1030,1.6035,1.6034,0.0159,1.3298,6.507,jog
3.3376,1031,1.6011,1.6011,0.0159,1.3298,6.487,jog
3.3423,1032,1.6042,1.6041,0.0164,1.273,6.236,jog
3.3437,1033,1.6063,1.6062,0.0164,1.2281,6.188,jog
3.3476,1034,1.6074,1.6073,0.0165,1.1264,6.035,jog
3.35,1035,1.605,1.6049,0.0164,1.1264,6.008,jog
3.3536,1036,1.6059,1.6058,0.0164,1.1067,5.856,jog
3.3564,1037,1.6085,1.6084,0.0164,1.1353,5.725,jog
3.3581,1038,1.6069,1.6068,0.0164,1.1353,5.716,jog
3.3622,1039,1.6086,1.6085,0.0163,1.1057,5.589,jog
3.3648,1040,1.6102,1.6101,0.0165,1.0745,5.432,jog
3.3666,1041,1.6077,1.6077,0.0163,1.0745,5.401,jog
3.3705,1042,1.6101,1.61,0.0165,1.0529,5.317,jog
3.3725,1043,1.6116,1.6115,0.0167,0.9843,5.244,jog
3.3739,1044,1.6102,1.6101,0.0166,0.9843,5.227,jog
3.3784,1045,1.6127,1.6126,0.0171,0.9828,5.171,jog
3.3791,1046,1.6107,1.6106,0.017,0.9828,5.141,jog
3.3827,1047,1.6117,1.6116,0.0174,0.9188,5.058,jog
3.3858,1048,1.6145,1.6144,0.0179,0.8835,5.059,jog
3.388,1049,1.6117,1.6116,0.0178,0.8835,5.008,jog
3.3918,1050,1.6147,1.6146,0.018,0.9083,4.993,jog
3.3924,1051,1.6125,1.6124,0.0179,0.9083,4.939,jog
3.396,1052,1.6131,1.6129,0.0181,0.8598,4.905,jog
3.3996,1053,1.6131,1.613,0.0182,0.7657,4.891,stand
3.4024,1054,1.6149,1.6148,0.0189,0.9104,4.689,stand
3.404,1055,1.6133,1.6132,0.0188,0.9104,4.666,stand
3.4069,1056,1.6149,1.6148,0.0187,0.7797,4.637,stand
3.4095,1057,1.6167,1.6166,0.018,1.0322,4.462,stand
3.4124,1058,1.6151,1.615,0.0179,1.0322,4.445,stand
3.4131,1059,1.6135,1.6134,0.0177,1.0322,4.437,stand
3.4167,1060,1.6143,1.6142,0.0174,0.9233,4.329,stand
3.4197,1061,1.6167,1.6166,0.0175,0.7884,4.308,stand
3.4211,1062,1.6138,1.6137,0.0172,0.7884,4.299,stand
3.425,1063,1.6163,1.6162,0.0172,0.799,4.286,stand
3.4256,1064,1.6142,1.6141,0.017,0.799,4.282,stand
3.4285,1065,1.6144,1.6144,0.0169,0.66,4.368,stand
3.4339,1066,1.6137,1.6136,0.0161,0.7639,4.332,stand
3.4372,1067,1.615,1.615,0.0158,0.726,4.3,stand
3.4418,1068,1.6156,1.6155,0.0152,0.7231,4.253,stand
3.4432,1069,1.6161,1.6161,0.0146,0.7227,4.178,stand
3.4466,1070,1.6131,1.6131,0.014,0.7227,4.184,stand
3.4508,1071,1.6139,1.6138,0.0137,0.7472,4.313,stand
3.4525,1072,1.6135,1.6134,0.0145,0.5354,4.966,stand
3.4543,1073,1.612,1.612,0.0142,0.5354,4.97,stand
3.4573,1074,1.6118,1.6117,0.0138,0.6754,5.047,stand
3.4603,1075,1.6129,1.6128,0.0137,0.6709,4.994,stand
3.4639,1076,1.6121,1.612,0.0132,0.6099,5.211,stand
3.4661,1077,1.6106,1.6106,0.0129,0.6099,5.218,stand
3.4697,1078,1.6114,1.6113,0.0127,0.5873,5.244,stand
3.4706,1079,1.6092,1.6092,0.0122,0.5873,5.248,stand
3.4743,1080,1.611,1.6109,0.0122,0.6502,5.272,stand
3.4763,1081,1.6108,1.6107,0.0118,0.7004,5.251,stand
3.48,1082,1.6079,1.6078,0.0111,0.7004,5.26,stand
3.4825,1083,1.6084,1.6083,0.0108,0.697,5.264,stand
3.485,1084,1.6095,1.6095,0.0105,0.6919,5.295,stand
3.487,1085,1.6081,1.608,0.0102,0.6919,5.299,stand
3.4899,1086,1.6086,1.6086,0.0103,0.6969,5.387,stand
3.492,1087,1.6072,1.6072,0.01,0.6969,5.388,stand
3.4978,1088,1.6101,1.6101,0.0082,0.7105,5.767,stand
3.5026,1089,1.6084,1.6084,0.0072,0.6687,5.747,stand
3.5043,1090,1.6063,1.6063,0.0068,0.6687,5.747,stand
3.5072,1091,1.6073,1.6073,0.0065,0.6452,5.765,stand
3.5087,1092,1.6059,1.6059,0.0062,0.6452,5.764,stand
3.512,1093,1.6063,1.6063,0.0055,0.6842,5.661,stand
3.5161,1094,1.6063,1.6062,0.0048,0.7139,5.562,stand
3.5202,1095,1.6059,1.6059,0.004,0.6652,5.6,stand
3.522,1096,1.607,1.607,0.0035,0.6906,5.614,stand
3.5247,1097,1.6049,1.6049,0.0031,0.6906,5.612,stand
3.5277,1098,1.6059,1.6059,0.0025,0.6663,5.588,stand
3.5308,1099,1.6063,1.6063,0.0017,0.6976,5.515,stand
3.5334,1100,1.6049,1.6049,0.0014,0.6976,5.512,stand
3.5369,1101,1.6045,1.6045,0.0006,0.6731,5.429,stand
3.5408,1102,1.6034,1.6034,-0.0003,0.6828,5.328,stand
3.546,1103,1.6052,1.6052,-0.0003,0.8089,4.868,stand
3.548,1104,1.603,1.603,-0.0017,0.6348,5.062,stand
3.5533,1105,1.6042,1.6042,-0.0018,0.8174,4.637,stand
3.5547,1106,1.6014,1.6014,-0.0022,0.8174,4.634,stand
3.5579,1107,1.6029,1.6029,-0.0027,0.6487,4.534,stand
3.5605,1108,1.6022,1.6022,-0.0035,0.6246,4.448,stand
3.5629,1109,1.6001,1.6001,-0.0039,0.6246,4.443,stand
3.5661,1110,1.6001,1.6001,-0.0046,0.6237,4.36,stand
3.5688,1111,1.601,1.601,-0.0052,0.6428,4.215,stand
3.5705,1112,1.5989,1.5989,-0.0055,0.6428,4.212,stand
3.5736,1113,1.5996,1.5996,-0.0062,0.6142,4.119,stand
3.5747,1114,1.5982,1.5982,-0.0064,0.6142,4.117,stand
3.5781,1115,1.5984,1.5983,-0.0071,0.6339,4.03,stand
3.5827,1116,1.5992,1.5991,-0.0078,0.6142,3.917,stand
3.5854,1117,1.5978,1.5978,-0.0087,0.612,3.78,stand
3.5872,1118,1.5963,1.5963,-0.0089,0.612,3.777,stand
3.5897,1119,1.5964,1.5964,-0.0096,0.6049,3.667,stand
3.5918,1120,1.5949,1.5949,-0.0098,0.6049,3.664,stand
3.597,1121,1.5958,1.5958,-0.0104,0.6171,3.523,stand
3.599,1122,1.595,1.595,-0.0112,0.5771,3.429,stand
3.6016,1123,1.5944,1.5944,-0.012,0.6082,3.293,stand
3.6039,1124,1.593,1.5929,-0.0121,0.6082,3.287,stand
3.6074,1125,1.5942,1.5942,-0.0127,0.548,3.194,stand
3.608,1126,1.592,1.592,-0.0129,0.548,3.186,stand
3.6106,1127,1.5928,1.5927,-0.0135,0.5896,3.037,stand
3.6125,1128,1.5905,1.5905,-0.0137,0.5896,3.024,stand
3.6159,1129,1.591,1.591,-0.0143,0.5385,2.963,stand
3.6168,1130,1.5895,1.5895,-0.0144,0.5385,2.954,stand
3.62,1131,1.5909,1.5909,-0.0149,0.5507,2.785,stand
3.6242,1132,1.5901,1.59,-0.0155,0.5581,2.673,stand
3.6245,1133,1.5877,1.5876,-0.0157,0.5581,2.667,stand
3.6293,1134,1.5891,1.589,-0.0162,0.5354,2.49,stand
3.632,1135,1.5878,1.5877,-0.0167,0.6376,2.289,stand
3.6341,1136,1.5854,1.5853,-0.0168,0.6376,2.278,stand
3.6375,1137,1.5851,1.585,-0.017,0.6978,1.86,stand
3.6409,1138,1.5848,1.5847,-0.0175,0.5261,1.702,stand
3.6466,1139,1.5853,1.5852,-0.018,0.5271,1.57,stand
3.6494,1140,1.5828,1.5827,-0.0184,0.549,1.359,stand
3.6546,1141,1.5817,1.5816,-0.0188,0.5375,1.196,stand
3.6576,1142,1.5822,1.5821,-0.0193,0.519,1.042,stand
3.658,1143,1.5798,1.5797,-0.0192,0.519,1.036,stand
3.662,1144,1.5795,1.5794,-0.0195,0.5145,0.875,stand
3.6626,1145,1.5778,1.5777,-0.0195,0.5145,0.871,stand
3.6667,1146,1.5784,1.5783,-0.0198,0.5326,0.716,stand
3.6672,1147,1.5768,1.5766,-0.0198,0.5326,0.714,stand
3.6704,1148,1.5774,1.5772,-0.0201,0.5307,0.547,stand
3.6736,1149,1.5767,1.5766,-0.0205,0.4972,0.388,stand
3.6746,1150,1.5755,1.5754,-0.0206,0.4972,0.393,stand
3.677,1151,1.577,1.5769,-0.0211,0.5287,0.247,stand
3.6792,1152,1.575,1.5749,-0.0211,0.5287,0.268,stand
3.6818,1153,1.5756,1.5755,-0.0215,0.5017,0.177,stand
3.6839,1154,1.5735,1.5734,-0.0215,0.5017,0.203,stand
3.6868,1155,1.5733,1.5732,-0.0218,0.452,0.143,stand
3.6889,1156,1.5738,1.5736,-0.0222,0.4663,0.065,stand
3.6912,1157,1.5731,1.5729,-0.0222,0.4663,0.073,stand
3.6958,1158,1.5729,1.5727,-0.0227,0.5108,0.01,stand
3.6966,1159,1.5699,1.5697,-0.0227,0.5108,0.023,stand
3.7016,1160,1.5722,1.572,-0.0239,0.5275,0.141,stand
3.7046,1161,1.5675,1.5673,-0.0238,0.5275,0.106,stand
3.708,1162,1.5685,1.5683,-0.0244,0.4964,0.181,stand
3.7087,1163,1.5661,1.5659,-0.0244,0.4964,0.163,stand
3.7115,1164,1.5657,1.5655,-0.025,0.5271,0.228,stand
3.7135,1165,1.5641,1.5639,-0.025,0.5271,0.223,stand
3.7169,1166,1.5636,1.5634,-0.0255,0.4748,0.28,stand
3.7197,1167,1.5648,1.5645,-0.0262,0.5229,0.348,stand
3.7233,1168,1.5634,1.5632,-0.0268,0.4755,0.398,stand
3.7248,1169,1.5611,1.5608,-0.0267,0.4755,0.395,stand
3.7275,1170,1.5613,1.561,-0.0273,0.4894,0.457,stand
3.7297,1171,1.559,1.5587,-0.0272,0.4894,0.458,stand
3.7333,1172,1.5591,1.5589,-0.0279,0.4828,0.538,stand
3.7371,1173,1.5577,1.5575,-0.0284,0.4849,0.611,stand
3.7374,1174,1.5562,1.556,-0.0283,0.4849,0.612,stand
3.7401,1175,1.5565,1.5562,-0.029,0.5131,0.672,stand
3.7422,1176,1.555,1.5547,-0.0289,0.5131,0.673,stand
3.7462,1177,1.5542,1.554,-0.0294,0.4497,0.728,stand
3.7483,1178,1.5537,1.5534,-0.03,0.5052,0.793,stand
3.752,1179,1.5521,1.5518,-0.0305,0.4273,0.824,stand
3.7542,1180,1.5506,1.5503,-0.0304,0.4273,0.83,stand
3.7574,1181,1.5507,1.5504,-0.031,0.4672,0.889,stand
3.7608,1182,1.5486,1.5483,-0.0314,0.4655,0.932,stand
3.7627,1183,1.5471,1.5468,-0.0313,0.4655,0.942,stand
3.7652,1184,1.5471,1.5468,-0.0319,0.4327,0.967,stand
3.7683,1185,1.5463,1.546,-0.0324,0.4379,1.008,stand
3.7698,1186,1.5449,1.5445,-0.0323,0.4379,1.012,stand
3.7744,1187,1.5449,1.5445,-0.0329,0.4445,1.031,stand
3.7747,1188,1.5427,1.5424,-0.0327,0.4445,1.044,stand
3.7788,1189,1.5426,1.5422,-0.0333,0.4169,1.072,stand
3.7795,1190,1.5404,1.5401,-0.0331,0.4169,1.085,stand
3.7837,1191,1.5403,1.54,-0.0337,0.4157,1.098,stand
3.7847,1192,1.5395,1.5391,-0.0343,0.411,1.116,stand
3.7874,1193,1.5374,1.537,-0.034,0.411,1.125,stand
3.7908,1194,1.5372,1.5368,-0.0346,0.3906,1.146,stand
3.7916,1195,1.5358,1.5354,-0.0345,0.3906,1.151,stand
3.7949,1196,1.5349,1.5345,-0.035,0.3894,1.153,stand
3.798,1197,1.534,1.5336,-0.0355,0.3818,1.16,stand
3.803,1198,1.5323,1.5319,-0.0359,0.3575,1.179,stand
3.8037,1199,1.5309,1.5304,-0.0357,0.3575,1.189,stand
3.8073,1200,1.5299,1.5295,-0.0362,0.3596,1.209,stand
3.8101,1201,1.5304,1.5299,-0.0368,0.3526,1.211,stand
3.8126,1202,1.5268,1.5264,-0.0364,0.3526,1.237,stand
3.8153,1203,1.5265,1.526,-0.0369,0.3248,1.255,stand
3.8173,1204,1.5244,1.5239,-0.0366,0.3248,1.265,stand
3.8208,1205,1.5233,1.5229,-0.037,0.3128,1.287,stand
3.8243,1206,1.5229,1.5225,-0.0375,0.3092,1.304,stand
3.8251,1207,1.5215,1.5211,-0.0373,0.3092,1.321,stand
3.8289,1208,1.5211,1.5206,-0.0377,0.2902,1.341,stand
3.8298,1209,1.519,1.5185,-0.0375,0.2902,1.359,stand
3.834,1210,1.5185,1.5181,-0.0379,0.2813,1.384,stand
3.8357,1211,1.5174,1.5169,-0.0382,0.2791,1.425,stand
3.8373,1212,1.5153,1.5148,-0.038,0.2791,1.438,stand
3.8394,1213,1.5148,1.5143,-0.0383,0.254,1.474,stand
3.842,1214,1.5134,1.5129,-0.0382,0.254,1.481,stand
3.8483,1215,1.5114,1.5109,-0.0384,0.2533,1.54,stand
3.8529,1216,1.5082,1.5077,-0.0388,0.2436,1.617,stand
3.8562,1217,1.506,1.5055,-0.0386,0.2436,1.635,stand
3.8596,1218,1.5048,1.5043,-0.0392,0.2191,1.714,stand
3.8627,1219,1.5026,1.5021,-0.039,0.2191,1.725,stand
3.8654,1220,1.502,1.5015,-0.0393,0.2383,1.75,stand
3.8671,1221,1.5006,1.5001,-0.0392,0.2383,1.76,stand
3.8699,1222,1.5,1.4995,-0.0395,0.2348,1.78,stand
3.8742,1223,1.4971,1.4966,-0.0396,0.2147,1.803,stand
3.8775,1224,1.4964,1.4958,-0.0399,0.2135,1.796,stand
3.8795,1225,1.4934,1.4929,-0.0396,0.2135,1.806,stand
3.8832,1226,1.4919,1.4914,-0.0399,0.2156,1.82,stand
3.8861,1227,1.4912,1.4907,-0.0402,0.2194,1.822,stand
3.8879,1228,1.489,1.4884,-0.04,0.2194,1.831,stand
3.8902,1229,1.4882,1.4876,-0.0403,0.2153,1.803,stand
3.8923,1230,1.4867,1.4861,-0.0402,0.2153,1.807,stand
3.8976,1231,1.4843,1.4838,-0.0403,0.2056,1.775,stand
3.9017,1232,1.482,1.4814,-0.0405,0.2112,1.741,stand
3.9037,1233,1.4811,1.4805,-0.0408,0.2045,1.709,stand
3.9062,1234,1.4788,1.4782,-0.0411,0.2215,1.662,stand
3.9087,1235,1.4764,1.4758,-0.041,0.2215,1.662,stand
3.9123,1236,1.4756,1.475,-0.0413,0.2216,1.609,stand
3.913,1237,1.474,1.4734,-0.0413,0.2216,1.607,stand
3.9161,1238,1.4723,1.4717,-0.0416,0.2009,1.554,stand
3.9206,1239,1.4688,1.4682,-0.042,0.2089,1.433,stand
3.9243,1240,1.4676,1.467,-0.0424,0.1612,1.267,stand
3.9247,1241,1.466,1.4654,-0.0423,0.1612,1.265,stand
3.9293,1242,1.4632,1.4625,-0.0426,0.1564,1.153,stand
3.9334,1243,1.4613,1.4607,-0.043,0.1862,1.084,stand
3.937,1244,1.4579,1.4572,-0.0433,0.1951,1.027,stand
3.9413,1245,1.4569,1.4562,-0.0437,0.1878,0.969,stand
3.9466,1246,1.4534,1.4528,-0.044,0.2017,0.943,stand
3.9485,1247,1.4514,1.4507,-0.0441,0.1188,1.003,stand
3.9516,1248,1.4496,1.449,-0.0442,0.1188,0.997,stand
3.9534,1249,1.447,1.4463,-0.0446,0.2187,0.997,stand
3.9561,1250,1.4468,1.4461,-0.0448,0.1573,1.062,stand
3.9587,1251,1.4424,1.4417,-0.045,0.1573,1.054,stand
3.9639,1252,1.4397,1.439,-0.0454,0.2069,1.086,stand
3.9678,1253,1.4376,1.4368,-0.0462,0.1694,1.105,stand
3.9698,1254,1.435,1.4343,-0.0463,0.1694,1.097,stand
3.9738,1255,1.4342,1.4335,-0.0467,0.1997,1.073,stand
3.9743,1256,1.432,1.4312,-0.0468,0.1997,1.061,stand
3.9772,1257,1.4317,1.431,-0.047,0.1282,1.099,stand
3.9797,1258,1.429,1.4282,-0.047,0.1282,1.096,stand
3.9838,1259,1.427,1.4262,-0.0472,0.1995,1.072,stand
3.9866,1260,1.4269,1.4261,-0.0475,0.1724,1.072,stand
3.9896,1261,1.4253,1.4245,-0.0477,0.1398,1.11,stand
3.9916,1262,1.4222,1.4214,-0.0477,0.1398,1.139,stand
3.9953,1263,1.4203,1.4195,-0.0479,0.1551,1.161,stand
3.9994,1264,1.4175,1.4167,-0.048,0.1499,1.185,stand
4.0012,1265,1.4167,1.4158,-0.048,0.1499,1.191,stand
4.0038,1266,1.4155,1.4147,-0.0483,0.1505,1.2,stand
4.0071,1267,1.4124,1.4116,-0.0484,0.076,1.219,stand
4.008,1268,1.4107,1.4099,-0.0484,0.076,1.223,stand
4.0119,1269,1.4096,1.4087,-0.0486,0.1362,1.225,stand
4.0125,1270,1.4071,1.4063,-0.0486,0.1362,1.235,stand
4.015,1271,1.406,1.4051,-0.0488,0.1273,1.242,stand
4.0171,1272,1.4044,1.4036,-0.0487,0.1273,1.246,stand
4.0203,1273,1.4034,1.4026,-0.0489,0.1371,1.234,stand
4.0232,1274,1.4009,1.4,-0.0491,0.1323,1.228,stand
4.025,1275,1.4001,1.3992,-0.0492,0.1323,1.227,stand
4.0285,1276,1.3983,1.3974,-0.0494,0.1451,1.194,stand
4.0313,1277,1.3958,1.3949,-0.0497,0.1362,1.172,stand
4.034,1278,1.3942,1.3933,-0.0497,0.1362,1.169,stand
4.0357,1279,1.3932,1.3923,-0.05,0.1227,1.16,stand
4.0372,1280,1.3909,1.39,-0.0501,0.1227,1.154,stand
4.0401,1281,1.3906,1.3897,-0.0503,0.1235,1.158,stand
4.0422,1282,1.3883,1.3874,-0.0504,0.1235,1.153,stand
4.0473,1283,1.385,1.3841,-0.0507,0.114,1.155,stand
4.0526,1284,1.3852,1.3843,-0.0511,0.1211,1.124,stand
4.0559,1285,1.3813,1.3803,-0.0515,0.1215,1.103,stand
4.0584,1286,1.3791,1.3781,-0.0517,0.1215,1.098,stand
4.0617,1287,1.3766,1.3756,-0.052,0.1132,1.077,stand
4.0648,1288,1.3749,1.3739,-0.0523,0.1047,1.056,stand
4.0665,1289,1.3741,1.3731,-0.0523,0.1047,1.055,stand
4.0695,1290,1.3716,1.3706,-0.0527,0.0992,1.033,stand
4.0724,1291,1.3699,1.3689,-0.0529,0.0979,1.009,stand
4.0738,1292,1.3685,1.3674,-0.053,0.0979,1.006,stand
4.0774,1293,1.3675,1.3664,-0.0533,0.1094,0.98,stand
4.0796,1294,1.3646,1.3636,-0.0535,0.1094,0.972,stand
4.0823,1295,1.3636,1.3626,-0.0537,0.1064,0.941,stand
4.0848,1296,1.3619,1.3608,-0.054,0.0974,0.906,stand
4.0864,1297,1.3605,1.3594,-0.0541,0.0974,0.901,stand
4.0894,1298,1.3601,1.3591,-0.0543,0.0946,0.872,stand
4.0915,1299,1.3573,1.3563,-0.0544,0.0946,0.862,stand
4.0955,1300,1.357,1.3559,-0.0546,0.0851,0.838,stand
4.0998,1301,1.3532,1.352,-0.055,0.0971,0.789,stand
4.1035,1302,1.3499,1.3488,-0.0553,0.0761,0.779,stand
4.1068,1303,1.3481,1.3469,-0.0557,0.1009,0.735,stand
4.1099,1304,1.3464,1.3452,-0.056,0.0976,0.699,stand
4.1124,1305,1.3457,1.3445,-0.056,0.0976,0.694,stand
4.1133,1306,1.3443,1.3431,-0.0561,0.0976,0.684,stand
4.1162,1307,1.3433,1.3421,-0.0563,0.0962,0.639,stand
4.1191,1308,1.3409,1.3397,-0.0566,0.0906,0.601,stand
4.1207,1309,1.3395,1.3383,-0.0566,0.0906,0.583,stand
4.1237,1310,1.3384,1.3372,-0.0568,0.0883,0.556,stand
4.1257,1311,1.3363,1.3351,-0.0569,0.0883,0.53,stand
4.129,1312,1.3345,1.3333,-0.0571,0.0832,0.501,stand
4.1322,1313,1.3335,1.3322,-0.0573,0.0779,0.468,stand
4.1339,1314,1.3313,1.3301,-0.0574,0.0779,0.455,stand
4.1363,1315,1.3296,1.3283,-0.0575,0.0795,0.413,stand
4.1384,1316,1.3281,1.3269,-0.0576,0.0795,0.406,stand
4.1422,1317,1.3263,1.325,-0.0577,0.069,0.376,stand
4.1472,1318,1.3252,1.3239,-0.0578,0.0673,0.367,stand
4.1508,1319,1.3226,1.3213,-0.058,0.068,0.338,stand
4.1539,1320,1.3185,1.3172,-0.0582,0.0561,0.299,stand
4.1575,1321,1.3168,1.3155,-0.0584,0.1212,0.205,stand
4.1583,1322,1.3153,1.314,-0.0585,0.1212,0.199,stand
4.1608,1323,1.3147,1.3134,-0.0584,0.0378,0.248,stand
4.1627,1324,1.3125,1.3112,-0.0584,0.0378,0.224,stand
4.1666,1325,1.3098,1.3085,-0.0585,0.0696,0.19,stand
4.1698,1326,1.3086,1.3073,-0.0585,0.0591,0.167,stand
4.173,1327,1.3066,1.3053,-0.0586,0.0567,0.155,stand
4.1745,1328,1.3043,1.303,-0.0585,0.0567,0.137,stand
4.1794,1329,1.3029,1.3016,-0.0586,0.0192,0.179,stand
4.1822,1330,1.2989,1.2976,-0.0587,0.1478,0.063,stand
4.1851,1331,1.2976,1.2963,-0.0587,0.0517,0.05,stand
4.1877,1332,1.2953,1.294,-0.0587,0.0517,0.045,stand
4.1907,1333,1.2932,1.2919,-0.0587,0.0545,0.034,stand
4.198,1334,1.2881,1.2868,-0.0585,0.0505,0.012,stand
4.2024,1335,1.2852,1.2838,-0.0584,0.0558,0.006,stand
4.2058,1336,1.283,1.2816,-0.0583,0.051,0.01,stand
4.2085,1337,1.2797,1.2784,-0.0581,0.051,0.012,stand
4.2119,1338,1.2783,1.277,-0.058,0.0537,0.011,stand
4.2126,1339,1.2767,1.2753,-0.0579,0.0537,0.012,stand
4.2165,1340,1.2752,1.2739,-0.0577,0.0513,0.019,stand
4.2173,1341,1.2727,1.2714,-0.0575,0.0513,0.022,stand
4.2199,1342,1.2712,1.2699,-0.0574,0.0545,0.033,stand
4.2243,1343,1.2689,1.2676,-0.0572,0.0535,0.045,stand
4.2254,1344,1.2664,1.2651,-0.0569,0.0535,0.053,stand
4.2294,1345,1.2648,1.2636,-0.0567,0.0515,0.067,stand
4.232,1346,1.2616,1.2603,-0.0563,0.0482,0.095,stand
4.2335,1347,1.2598,1.2586,-0.0561,0.0482,0.097,stand
4.237,1348,1.2574,1.2562,-0.0558,0.0519,0.122,stand
4.2421,1349,1.2558,1.2546,-0.0555,0.0472,0.145,stand
4.2441,1350,1.2525,1.2513,-0.055,0.0476,0.181,stand
4.2466,1351,1.249,1.2478,-0.0546,0.0476,0.187,stand
4.2512,1352,1.2471,1.2459,-0.0541,0.0631,0.297,stand
4.2526,1353,1.2437,1.2425,-0.0535,0.0449,0.342,stand
4.256,1354,1.2411,1.24,-0.053,0.0475,0.388,stand
4.2587,1355,1.2384,1.2373,-0.0526,0.0475,0.393,stand
4.2631,1356,1.2367,1.2356,-0.0522,0.0405,0.439,stand
4.2662,1357,1.2324,1.2313,-0.0514,0.0412,0.495,stand
4.2705,1358,1.2296,1.2286,-0.051,0.042,0.539,stand
4.2715,1359,1.2283,1.2273,-0.0509,0.042,0.537,stand
4.2749,1360,1.2278,1.2267,-0.0508,0.0418,0.575,stand
4.2756,1361,1.2257,1.2247,-0.0506,0.0418,0.553,stand
4.2798,1362,1.2244,1.2234,-0.0504,0.0365,0.587,stand
4.2808,1363,1.2223,1.2213,-0.0502,0.0353,0.607,stand
4.2828,1364,1.2208,1.2198,-0.0501,0.0353,0.59,stand
4.2855,1365,1.2194,1.2184,-0.0499,0.0343,0.611,stand
4.2875,1366,1.217,1.216,-0.0497,0.0343,0.583,stand
4.2913,1367,1.2139,1.2129,-0.0494,0.0333,0.582,stand
4.2935,1368,1.2123,1.2113,-0.0492,0.0335,0.595,stand
4.2982,1369,1.2099,1.2089,-0.049,0.033,0.616,stand
4.3047,1370,1.2056,1.2047,-0.0486,0.036,0.617,stand
4.3052,1371,1.2031,1.2021,-0.0484,0.036,0.605,stand
4.3072,1372,1.2014,1.2005,-0.0483,0.036,0.588,stand
4.3093,1373,1.1989,1.198,-0.0481,0.036,0.578,stand
4.3113,1374,1.1972,1.1963,-0.048,0.036,0.565,stand
4.3134,1375,1.1956,1.1946,-0.0479,0.036,0.561,stand
4.3155,1376,1.194,1.193,-0.0477,0.036,0.551,stand
4.3175,1377,1.1924,1.1915,-0.0476,0.036,0.548,stand
4.3195,1378,1.1908,1.1899,-0.0475,0.036,0.545,stand
4.3216,1379,1.1892,1.1883,-0.0473,0.036,0.543,stand
4.3236,1380,1.1876,1.1867,-0.0472,0.036,0.542,stand
4.3257,1381,1.186,1.1851,-0.0471,0.036,0.543,stand
4.3279,1382,1.1844,1.1835,-0.0469,0.036,0.544,stand
4.3298,1383,1.1828,1.1819,-0.0468,0.036,0.546,stand
4.332,1384,1.1813,1.1803,-0.0466,0.036,0.55,stand
4.334,1385,1.1797,1.1788,-0.0465,0.036,0.551,stand
4.336,1386,1.1781,1.1772,-0.0464,0.036,0.555,stand
4.3381,1387,1.1765,1.1756,-0.0462,0.036,0.562,stand
4.3402,1388,1.175,1.1741,-0.0461,0.036,0.564,stand
4.3427,1389,1.1727,1.1718,-0.0458,0.036,0.576,stand
4.3448,1390,1.1711,1.1702,-0.0457,0.036,0.579,stand
4.3466,1391,1.1696,1.1687,-0.0456,0.036,0.588,stand
4.3486,1392,1.1681,1.1672,-0.0454,0.036,0.592,stand
4.3507,1393,1.1665,1.1656,-0.0453,0.036,0.602,stand
4.3528,1394,1.165,1.1641,-0.0451,0.036,0.606,stand
4.3548,1395,1.1635,1.1626,-0.045,0.036,0.614,stand
4.3569,1396,1.162,1.1611,-0.0448,0.036,0.626,stand
4.3589,1397,1.1605,1.1596,-0.0447,0.036,0.63,stand
4.3611,1398,1.159,1.1581,-0.0445,0.036,0.643,stand
4.3631,1399,1.1575,1.1566,-0.0444,0.036,0.647,stand
4.3651,1400,1.156,1.1551,-0.0442,0.036,0.656,stand
4.3672,1401,1.1545,1.1536,-0.0441,0.036,0.665,stand
4.3692,1402,1.1523,1.1514,-0.0438,0.036,0.683,stand
4.3712,1403,1.1508,1.15,-0.0437,0.036,0.687,stand
4.3733,1404,1.1493,1.1485,-0.0435,0.036,0.696,stand
4.3754,1405,1.1478,1.147,-0.0434,0.036,0.71,stand
4.3776,1406,1.1464,1.1456,-0.0432,0.036,0.715,stand
4.3795,1407,1.1449,1.1441,-0.043,0.036,0.729,stand
4.3815,1408,1.1435,1.1427,-0.0429,0.036,0.734,stand
4.3836,1409,1.142,1.1412,-0.0427,0.036,0.744,stand
4.3857,1410,1.1406,1.1398,-0.0426,0.036,0.758,stand
4.3878,1411,1.1391,1.1383,-0.0424,0.036,0.763,stand
4.3898,1412,1.1377,1.1369,-0.0423,0.036,0.773,stand
4.392,1413,1.1362,1.1355,-0.0421,0.036,0.788,stand
4.394,1414,1.1348,1.134,-0.0419,0.036,0.793,stand
4.3961,1415,1.1334,1.1326,-0.0418,0.036,0.807,stand
4.3981,1416,1.1319,1.1312,-0.0416,0.036,0.812,stand
4.4001,1417,1.1305,1.1297,-0.0415,0.036,0.822,stand
4.4022,1418,1.1284,1.1276,-0.0412,0.036,0.837,stand
4.4042,1419,1.1269,1.1262,-0.0411,0.036,0.847,stand
4.4064,1420,1.1255,1.1248,-0.0409,0.036,0.862,stand
4.4083,1421,1.1241,1.1233,-0.0408,0.036,0.866,stand
4.4105,1422,1.1227,1.1219,-0.0406,0.036,0.881,stand
4.4125,1423,1.1212,1.1205,-0.0404,0.036,0.886,stand
4.4146,1424,1.1198,1.1191,-0.0403,0.036,0.896,stand
4.4166,1425,1.1184,1.1177,-0.0401,0.036,0.906,stand
4.4186,1426,1.117,1.1163,-0.04,0.036,0.916,stand
4.4208,1427,1.1155,1.1148,-0.0398,0.036,0.931,stand
4.4227,1428,1.1141,1.1134,-0.0397,0.036,0.936,stand
4.4248,1429,1.1127,1.112,-0.0395,0.036,0.946,stand
4.4269,1430,1.1113,1.1106,-0.0393,0.036,0.961,stand
4.429,1431,1.1099,1.1092,-0.0392,0.036,0.966,stand
4.431,1432,1.1084,1.1077,-0.039,0.036,0.982,stand
4.433,1433,1.107,1.1063,-0.0389,0.036,0.987,stand
4.4352,1434,1.1056,1.1049,-0.0387,0.036,0.997,stand
4.4371,1435,1.1042,1.1035,-0.0386,0.036,1.012,stand
4.4392,1436,1.1027,1.1021,-0.0385,0.036,1.017,stand
4.4414,1437,1.1006,1.0999,-0.0382,0.036,1.033,stand
4.4435,1438,1.0991,1.0985,-0.0381,0.036,1.043,stand
4.4454,1439,1.0977,1.0971,-0.038,0.036,1.059,stand
4.4474,1440,1.0963,1.0956,-0.0378,0.036,1.064,stand
4.4496,1441,1.0948,1.0942,-0.0377,0.036,1.074,stand
4.4515,1442,1.0934,1.0927,-0.0376,0.036,1.084,stand
4.4536,1443,1.0919,1.0913,-0.0374,0.036,1.095,stand
4.4557,1444,1.0905,1.0899,-0.0373,0.036,1.11,stand
4.4578,1445,1.089,1.0884,-0.0372,0.036,1.115,stand
4.4599,1446,1.0876,1.087,-0.0371,0.036,1.124,stand
4.4618,1447,1.0861,1.0855,-0.0369,0.036,1.138,stand
4.464,1448,1.0847,1.084,-0.0368,0.036,1.143,stand
4.4659,1449,1.0832,1.0826,-0.0367,0.036,1.156,stand
4.468,1450,1.0817,1.0811,-0.0366,0.036,1.161,stand
4.4701,1451,1.0802,1.0796,-0.0365,0.036,1.169,stand
4.4722,1452,1.0788,1.0781,-0.0364,0.036,1.176,stand
4.4741,1453,1.0765,1.0759,-0.0362,0.036,1.187,stand
4.4762,1454,1.075,1.0744,-0.0361,0.036,1.197,stand
4.4784,1455,1.0735,1.0729,-0.036,0.036,1.2,stand
4.4803,1456,1.072,1.0714,-0.0359,0.036,1.208,stand
4.4824,1457,1.0705,1.0699,-0.0358,0.036,1.21,stand
4.4844,1458,1.069,1.0684,-0.0358,0.036,1.215,stand
4.4865,1459,1.0675,1.0669,-0.0357,0.036,1.221,stand
4.4886,1460,1.066,1.0654,-0.0356,0.036,1.223,stand
4.4907,1461,1.0644,1.0638,-0.0355,0.036,1.226,stand
4.4929,1462,1.0629,1.0623,-0.0354,0.036,1.229,stand
4.4949,1463,1.0613,1.0607,-0.0354,0.036,1.23,stand
4.4968,1464,1.0598,1.0592,-0.0353,0.036,1.233,stand
4.4988,1465,1.0582,1.0576,-0.0352,0.036,1.233,stand
4.5009,1466,1.0566,1.0561,-0.0352,0.036,1.234,stand
4.5029,1467,1.0551,1.0545,-0.0351,0.036,1.235,stand
4.505,1468,1.0535,1.0529,-0.0351,0.036,1.234,stand
4.5072,1469,1.0519,1.0513,-0.035,0.036,1.234,stand
4.5091,1470,1.0503,1.0497,-0.035,0.036,1.233,stand
4.5112,1471,1.0479,1.0473,-0.0349,0.036,1.231,stand
4.5132,1472,1.0462,1.0457,-0.0349,0.036,1.23,stand
4.5153,1473,1.0446,1.044,-0.0349,0.036,1.228,stand
4.5173,1474,1.043,1.0424,-0.0349,0.036,1.224,stand
4.5194,1475,1.0413,1.0407,-0.0349,0.036,1.223,stand
4.5215,1476,1.0397,1.0391,-0.0349,0.036,1.219,stand
4.5236,1477,1.038,1.0374,-0.0349,0.036,1.215,stand
4.5256,1478,1.0363,1.0357,-0.0349,0.036,1.214,stand
4.5279,1479,1.0346,1.034,-0.0349,0.036,1.209,stand
4.5297,1480,1.0329,1.0323,-0.0349,0.036,1.207,stand
4.5318,1481,1.0312,1.0306,-0.035,0.036,1.204,stand
4.5338,1482,1.0295,1.0289,-0.035,0.036,1.199,stand
4.5359,1483,1.0278,1.0272,-0.0351,0.036,1.197,stand
4.538,1484,1.026,1.0254,-0.0351,0.036,1.194,stand
4.54,1485,1.0243,1.0237,-0.0352,0.036,1.191,stand
4.5423,1486,1.0225,1.0219,-0.0353,0.036,1.188,stand
4.5444,1487,1.0208,1.0201,-0.0354,0.036,1.184,stand
4.5463,1488,1.019,1.0184,-0.0355,0.036,1.182,stand
4.5482,1489,1.0163,1.0157,-0.0356,0.036,1.177,stand
4.5504,1490,1.0145,1.0139,-0.0358,0.036,1.175,stand
4.5523,1491,1.0127,1.0121,-0.0359,0.036,1.173,stand
4.5544,1492,1.0109,1.0102,-0.036,0.036,1.17,stand
4.5564,1493,1.0091,1.0084,-0.0362,0.036,1.168,stand
4.5586,1494,1.0072,1.0066,-0.0363,0.036,1.165,stand
4.5607,1495,1.0054,1.0047,-0.0365,0.036,1.165,stand
4.5627,1496,1.0035,1.0029,-0.0367,0.036,1.161,stand
4.5648,1497,1.0017,1.001,-0.0368,0.036,1.158,stand
4.5668,1498,0.9999,0.9992,-0.037,0.036,1.155,stand
4.5688,1499,0.9982,0.9975,-0.0371,0.036,1.147,stand
4.5708,1500,0.9966,0.9959,-0.0373,0.036,1.144,stand
4.5729,1501,0.9951,0.9944,-0.0374,0.036,1.137,stand
4.5749,1502,0.9936,0.9928,-0.0374,0.036,1.135,stand
4.577,1503,0.9921,0.9914,-0.0375,0.036,1.13,stand
4.5792,1504,0.9908,0.9901,-0.0374,0.036,1.13,stand
4.5811,1505,0.9895,0.9888,-0.0374,0.036,1.136,stand
4.5832,1506,0.9875,0.9868,-0.0373,0.036,1.146,stand
4.5852,1507,0.9861,0.9854,-0.0373,0.036,1.165,stand
4.5874,1508,0.9847,0.984,-0.0373,0.036,1.173,stand
4.5895,1509,0.9832,0.9825,-0.0373,0.036,1.189,stand
4.5915,1510,0.9817,0.981,-0.0373,0.036,1.207,stand
4.5943,1511,0.98,0.9793,-0.0372,0.036,1.225,stand
4.596,1512,0.9784,0.9777,-0.0372,0.036,1.242,stand
4.598,1513,0.9767,0.976,-0.0372,0.036,1.258,stand
4.6001,1514,0.975,0.9742,-0.0372,0.036,1.281,stand
4.6021,1515,0.9724,0.9717,-0.0372,0.036,1.294,stand
4.6043,1516,0.9715,0.9708,-0.0372,0.036,1.307,stand
4.6063,1517,0.9689,0.9682,-0.0372,0.036,1.318,stand
4.6083,1518,0.9672,0.9665,-0.0372,0.036,1.332,stand
4.6105,1519,0.9656,0.9648,-0.0372,0.036,1.337,stand
4.6125,1520,0.9639,0.9632,-0.0372,0.036,1.348,stand
4.6145,1521,0.9623,0.9616,-0.0372,0.036,1.351,stand
4.6166,1522,0.9608,0.9601,-0.0372,0.036,1.355,stand
4.6187,1523,0.9593,0.9586,-0.0372,0.036,1.357,stand
4.6207,1524,0.9577,0.957,-0.0373,0.036,1.357,stand
4.6227,1525,0.9562,0.9554,-0.0373,0.036,1.357,stand
4.6249,1526,0.9546,0.9538,-0.0374,0.036,1.356,stand
4.6269,1527,0.953,0.9523,-0.0374,0.036,1.355,stand
4.6289,1528,0.9514,0.9507,-0.0375,0.036,1.354,stand
4.631,1529,0.9499,0.9491,-0.0376,0.036,1.352,stand
4.633,1530,0.9483,0.9476,-0.0377,0.036,1.35,stand
4.6351,1531,0.9468,0.946,-0.0377,0.036,1.349,stand
4.6371,1532,0.9445,0.9437,-0.0379,0.036,1.345,stand
4.6393,1533,0.9429,0.9422,-0.038,0.036,1.345,stand
4.6414,1534,0.9414,0.9406,-0.0381,0.036,1.342,stand
4.6435,1535,0.9399,0.9391,-0.0381,0.036,1.341,stand
4.6458,1536,0.9384,0.9376,-0.0382,0.036,1.339,stand
4.6475,1537,0.9369,0.9361,-0.0383,0.036,1.338,stand
4.6496,1538,0.9354,0.9346,-0.0384,0.036,1.336,stand
4.6516,1539,0.9339,0.9331,-0.0385,0.036,1.334,stand
4.6537,1540,0.9324,0.9316,-0.0386,0.036,1.333,stand
4.6558,1541,0.9309,0.9301,-0.0387,0.036,1.331,stand
4.6577,1542,0.9294,0.9286,-0.0388,0.036,1.33,stand
4.6598,1543,0.928,0.9272,-0.0389,0.036,1.328,stand
4.662,1544,0.9265,0.9257,-0.039,0.036,1.325,stand
4.6639,1545,0.9251,0.9242,-0.0391,0.036,1.324,stand
4.666,1546,0.9236,0.9228,-0.0392,0.036,1.321,stand
4.6681,1547,0.9221,0.9213,-0.0393,0.036,1.318,stand
4.6701,1548,0.9207,0.9199,-0.0395,0.036,1.317,stand
4.6721,1549,0.9185,0.9177,-0.0396,0.036,1.311,stand
4.6742,1550,0.9178,0.917,-0.0397,0.036,1.309,stand
4.6763,1551,0.9157,0.9148,-0.0398,0.036,1.306,stand
4.6783,1552,0.9142,0.9134,-0.0399,0.036,1.3,stand
4.6803,1553,0.9128,0.9119,-0.04,0.036,1.298,stand
4.6824,1554,0.9114,0.9105,-0.0402,0.036,1.294,stand
4.6845,1555,0.91,0.9091,-0.0403,0.036,1.286,stand
4.6865,1556,0.9085,0.9076,-0.0404,0.036,1.284,stand
4.6886,1557,0.9071,0.9062,-0.0405,0.036,1.278,stand
4.6907,1558,0.9057,0.9048,-0.0406,0.036,1.272,stand
4.6929,1559,0.9043,0.9034,-0.0407,0.036,1.266,stand
4.695,1560,0.9029,0.902,-0.0408,0.036,1.257,stand
4.6968,1561,0.9015,0.9005,-0.0409,0.036,1.253,stand
4.6989,1562,0.9001,0.8991,-0.041,0.036,1.246,stand
4.7009,1563,0.8987,0.8977,-0.0411,0.036,1.235,stand
4.703,1564,0.8972,0.8963,-0.0412,0.036,1.231,stand
4.7051,1565,0.8958,0.8949,-0.0413,0.036,1.223,stand
4.7071,1566,0.8944,0.8935,-0.0414,0.036,1.21,stand
4.7091,1567,0.8923,0.8914,-0.0415,0.036,1.201,stand
4.7113,1568,0.8909,0.89,-0.0416,0.036,1.191,stand
4.7133,1569,0.8895,0.8885,-0.0417,0.036,1.176,stand
4.7153,1570,0.8881,0.8871,-0.0418,0.036,1.171,stand
4.7174,1571,0.8867,0.8857,-0.0419,0.036,1.161,stand
4.7194,1572,0.8853,0.8843,-0.042,0.036,1.144,stand
4.7215,1573,0.8839,0.8829,-0.0421,0.036,1.138,stand
4.7235,1574,0.8825,0.8815,-0.0422,0.036,1.126,stand
4.7256,1575,0.8811,0.8801,-0.0423,0.036,1.108,stand
4.7278,1576,0.8797,0.8787,-0.0423,0.036,1.102,stand
4.7297,1577,0.8783,0.8772,-0.0424,0.036,1.083,stand
4.7318,1578,0.8768,0.8758,-0.0425,0.036,1.076,stand
4.7339,1579,0.8754,0.8744,-0.0426,0.036,1.064,stand
4.7359,1580,0.874,0.873,-0.0426,0.036,1.044,stand
4.7379,1581,0.8726,0.8715,-0.0427,0.036,1.037,stand
4.74,1582,0.8712,0.8701,-0.0428,0.036,1.024,stand
4.7424,1583,0.8697,0.8687,-0.0428,0.036,1.004,stand
4.7442,1584,0.8683,0.8672,-0.0429,0.036,0.997,stand
4.7463,1585,0.8669,0.8658,-0.0429,0.036,0.977,stand
4.7483,1586,0.8647,0.8636,-0.043,0.036,0.963,stand
4.7503,1587,0.8633,0.8622,-0.043,0.036,0.95,stand
4.7523,1588,0.8618,0.8607,-0.0431,0.036,0.93,stand
4.7544,1589,0.8604,0.8593,-0.0431,0.036,0.924,stand
4.7565,1590,0.8589,0.8578,-0.0431,0.036,0.905,stand
4.7585,1591,0.8575,0.8564,-0.0432,0.036,0.899,stand
4.7606,1592,0.856,0.8549,-0.0432,0.036,0.886,stand
4.7628,1593,0.8545,0.8534,-0.0432,0.036,0.869,stand
4.7648,1594,0.853,0.8519,-0.0432,0.036,0.863,stand
4.7667,1595,0.8516,0.8505,-0.0432,0.036,0.852,stand
4.7689,1596,0.8501,0.849,-0.0432,0.036,0.837,stand
4.7709,1597,0.8486,0.8475,-0.0432,0.036,0.832,stand
4.7729,1598,0.8471,0.846,-0.0432,0.036,0.823,stand
4.7749,1599,0.8456,0.8445,-0.0432,0.036,0.814,stand
4.777,1600,0.8441,0.843,-0.0432,0.036,0.806,stand
4.7791,1601,0.8426,0.8415,-0.0432,0.036,0.795,stand
4.7811,1602,0.8403,0.8392,-0.0432,0.036,0.789,stand
4.7832,1603,0.8395,0.8384,-0.0432,0.036,0.786,stand
4.7852,1604,0.8372,0.8361,-0.0431,0.036,0.779,stand
4.7873,1605,0.8357,0.8346,-0.0431,0.036,0.774,stand
4.7894,1606,0.8341,0.833,-0.0431,0.036,0.771,stand
4.7915,1607,0.8326,0.8314,-0.043,0.036,0.768,stand
4.7936,1608,0.831,0.8299,-0.043,0.036,0.764,stand
4.7957,1609,0.8294,0.8283,-0.0429,0.036,0.763,stand
4.7976,1610,0.8278,0.8267,-0.0429,0.036,0.762,stand
4.7996,1611,0.8262,0.8251,-0.0428,0.036,0.761,stand
4.8017,1612,0.8246,0.8235,-0.0427,0.036,0.761,stand
